ts_code,name
000026.SZ,飞亚达
688648.SH,中邮科技
688136.SH,科兴制药
603056.SH,德邦股份
603879.SH,永悦科技
688455.SH,科捷智能
605005.SH,合兴股份
603306.SH,华懋科技
605388.SH,均瑶健康
001277.SZ,速达股份
600006.SH,东风股份
002550.SZ,千红制药
001332.SZ,锡装股份
603193.SH,润本股份
603630.SH,拉芳家化
000826.SZ,启迪环境
603221.SH,爱丽家居
600684.SH,珠江股份
605339.SH,南侨食品
600468.SH,百利电气
002907.SZ,华森制药
600573.SH,惠泉啤酒
002633.SZ,申科股份
603390.SH,通达电气
002289.SZ,*ST宇顺
002898.SZ,*ST赛隆
600081.SH,东风科技
603065.SH,宿迁联盛
000677.SZ,恒天海龙
002574.SZ,明牌珠宝
603577.SH,汇金通
603931.SH,格林达
603535.SH,嘉诚国际
002847.SZ,盐津铺子
603332.SH,苏州龙杰
002867.SZ,周大生
000565.SZ,渝三峡Ａ
601825.SH,沪农商行
603955.SH,大千生态
002644.SZ,佛慈制药
002946.SZ,新乳业
600495.SH,晋西车轴
002094.SZ,青岛金王
603900.SH,莱绅通灵
000566.SZ,海南海药
605188.SH,国光连锁
001268.SZ,联合精密
605337.SH,李子园
603681.SH,永冠新材
603906.SH,龙蟠科技
000639.SZ,西王食品
002900.SZ,哈三联
603697.SH,有友食品
601579.SH,会稽山
603256.SH,宏和科技
603365.SH,水星家纺
603607.SH,京华激光
002615.SZ,哈尔斯
002165.SZ,红 宝 丽
002717.SZ,ST岭南
600993.SH,马应龙
002650.SZ,ST加加
001212.SZ,中旗新材
605599.SH,菜百股份
002275.SZ,桂林三金
002200.SZ,*ST交投
002191.SZ,劲嘉股份
001390.SZ,C古麒
001230.SZ,劲旅环境
000989.SZ,九芝堂
600249.SH,两面针
002387.SZ,维信诺
000838.SZ,财信发展
002809.SZ,红墙股份
603388.SH,*ST元成
002461.SZ,珠江啤酒
002693.SZ,*ST双成
002080.SZ,中材科技
688799.SH,华纳药厂
600200.SH,*ST苏吴
000609.SZ,*ST中迪
002278.SZ,神开股份
600530.SH,交大昂立
605336.SH,帅丰电器
002168.SZ,*ST惠程
600753.SH,*ST庚星
600419.SH,天润乳业
605198.SH,安德利
600793.SH,宜宾纸业
002467.SZ,二六三
605300.SH,佳禾食品
002630.SZ,ST华西
603192.SH,XD汇得科
000888.SZ,峨眉山Ａ
002099.SZ,海翔药业
603194.SH,中力股份
688686.SH,奥普特
603102.SH,百合股份
600774.SH,汉商集团
002923.SZ,润都股份
600743.SH,华远控股
002467.SZ,二六三
600193.SH,*ST创兴
002808.SZ,*ST恒久
600152.SH,维科技术
688686.SH,奥普特
002612.SZ,朗姿股份
000523.SZ,红棉股份
688513.SH,苑东生物
605016.SH,百龙创园
002246.SZ,北化股份
600794.SH,保税科技
603398.SH,*ST沐邦
600189.SH,泉阳泉
688656.SH,浩欧博
688108.SH,赛诺医疗
603208.SH,江山欧派
002958.SZ,青农商行
688153.SH,唯捷创芯
000545.SZ,金浦钛业
000716.SZ,黑芝麻
600543.SH,莫高股份
600610.SH,中毅达
603959.SH,ST百利
002262.SZ,恩华药业
002286.SZ,保龄宝
603096.SH,XD新经典
688708.SH,佳驰科技
603855.SH,华荣股份
002422.SZ,科伦药业
603650.SH,彤程新材
002310.SZ,东方园林
600686.SH,金龙汽车
001313.SZ,粤海饲料
002082.SZ,万邦德
002743.SZ,富煌钢构
600223.SH,福瑞达
003030.SZ,祖名股份
600439.SH,瑞贝卡
002437.SZ,誉衡药业
603007.SH,*ST花王
001318.SZ,阳光乳业
603730.SH,岱美股份
600664.SH,哈药股份
002570.SZ,贝因美
600805.SH,悦达投资
002020.SZ,京新药业
000729.SZ,燕京啤酒
605199.SH,ST葫芦娃
603590.SH,康辰药业
603686.SH,福龙马
605009.SH,豪悦护理
688326.SH,经纬恒润-W
002313.SZ,日海智能
603167.SH,渤海轮渡
002565.SZ,顺灏股份
002580.SZ,圣阳股份
688661.SH,和林微纳
603308.SH,应流股份
002664.SZ,信质集团
002116.SZ,中国海诚
002596.SZ,海南瑞泽
601008.SH,连云港
002490.SZ,山东墨龙
603665.SH,康隆达
603123.SH,翠微股份
600673.SH,东阳光
000903.SZ,云内动力
001219.SZ,青岛食品
688070.SH,纵横股份
600252.SH,中恒集团
603938.SH,三孚股份
600638.SH,新黄浦
002735.SZ,王子新材
002793.SZ,罗欣药业
603836.SH,海程邦达
688488.SH,艾迪药业
000691.SZ,*ST亚太
688192.SH,迪哲医药-U
001367.SZ,海森药业
002864.SZ,盘龙药业
688011.SH,新光光电
688176.SH,亚虹医药-U
002695.SZ,煌上煌
600276.SH,恒瑞医药
603818.SH,曲美家居
600166.SH,福田汽车
600397.SH,安源煤业
000710.SZ,贝瑞基因
605338.SH,巴比食品
600884.SH,杉杉股份
605366.SH,宏柏新材
003020.SZ,立方制药
002170.SZ,芭田股份
600080.SH,金花股份
003010.SZ,若羽臣
002378.SZ,章源钨业
605069.SH,正和生态
688578.SH,艾力斯
002965.SZ,祥鑫科技
605069.SH,正和生态
688578.SH,艾力斯
688566.SH,吉贝尔
002965.SZ,祥鑫科技
688383.SH,新益昌
002481.SZ,双塔食品
002640.SZ,跨境通
603333.SH,尚纬股份
603682.SH,锦和商管
601187.SH,厦门银行
000420.SZ,吉林化纤
688251.SH,井松智能
002393.SZ,力生制药
000848.SZ,承德露露
000546.SZ,金圆股份
688553.SH,汇宇制药-W
688052.SH,纳芯微
002785.SZ,万里石
002653.SZ,海思科
600676.SH,交运股份
002723.SZ,小崧股份
002277.SZ,友阿股份
600482.SH,中国动力
603008.SH,喜临门
002566.SZ,益盛药业
002389.SZ,航天彩虹
002412.SZ,汉森制药
002294.SZ,信立泰
601077.SH,渝农商行
601011.SH,宝泰隆
002317.SZ,众生药业
000659.SZ,珠海中富
600203.SH,福日电子
603089.SH,XD正裕工
605296.SH,神农集团
603079.SH,圣达生物
600830.SH,香溢融通
603317.SH,天味食品
002682.SZ,龙洲股份
002839.SZ,张家港行
600928.SH,西安银行
000078.SZ,海王生物
688117.SH,圣诺生物
002667.SZ,威领股份
603069.SH,海汽集团
603283.SH,赛腾股份
000510.SZ,新金路
002330.SZ,得利斯
000045.SZ,深纺织Ａ
002820.SZ,桂发祥
002842.SZ,翔鹭钨业
603377.SH,ST东时
603538.SH,美诺华
000661.SZ,长春高新
002251.SZ,步步高
002696.SZ,百洋股份
600165.SH,ST宁科
688639.SH,华恒生物
605179.SH,一鸣食品
002724.SZ,海洋王
002821.SZ,凯莱英
605289.SH,罗曼股份
002936.SZ,郑州银行
600408.SH,安泰集团
600851.SH,海欣股份
600429.SH,三元股份
688506.SH,百利天恒
002392.SZ,北京利尔
000756.SZ,新华制药
002991.SZ,甘源食品
600079.SH,人福医药
603237.SH,五芳斋
002086.SZ,东方海洋
603696.SH,XD安记食
002258.SZ,利尔化学
000983.SZ,山西焦煤
002541.SZ,鸿路钢构
600073.SH,光明肉业
002882.SZ,金龙羽
603983.SH,丸美生物
600132.SH,重庆啤酒
601169.SH,北京银行
600962.SH,国投中鲁
002582.SZ,好想你
600801.SH,华新水泥
688679.SH,通源环境
002873.SZ,新天药业
600691.SH,阳煤化工
002399.SZ,海普瑞
600527.SH,江南高纤
600841.SH,动力新科
688515.SH,裕太微-U
688719.SH,爱科赛博
600600.SH,青岛啤酒
003006.SZ,百亚股份
603207.SH,小方制药
000599.SZ,青岛双星
002484.SZ,江海股份
600990.SH,四创电子
603235.SH,天新药业
605122.SH,四方新材
000672.SZ,上峰水泥
605499.SH,东鹏饮料
601860.SH,紫金银行
603011.SH,合锻智能
600257.SH,大湖股份
688297.SH,中无人机
688599.SH,天合光能
688266.SH,泽璟制药-U
600787.SH,XD中储股
603676.SH,卫信康
002360.SZ,同德化工
002161.SZ,远 望 谷
603608.SH,天创时尚
002620.SZ,ST瑞和
601009.SH,南京银行
605028.SH,世茂能源
001914.SZ,招商积余
000911.SZ,广农糖业
000833.SZ,粤桂股份
600293.SH,三峡新材
600712.SH,南宁百货
603967.SH,中创物流
603779.SH,威龙股份
603139.SH,康惠制药
603359.SH,东珠生态
688378.SH,奥来德
002563.SZ,森马服饰
600121.SH,郑州煤电
003000.SZ,劲仔食品
002162.SZ,悦心健康
002321.SZ,华英农业
002956.SZ,西麦食品
000403.SZ,派林生物
688550.SH,瑞联新材
688314.SH,康拓医疗
002548.SZ,金新农
600467.SH,好当家
688300.SH,联瑞新材
600192.SH,长城电工
000524.SZ,岭南控股
000812.SZ,陕西金叶
600585.SH,海螺水泥
002732.SZ,燕塘乳业
600807.SH,济高发展
600682.SH,南京新百
001206.SZ,依依股份
600800.SH,渤海化学
600365.SH,ST通葡
002949.SZ,华阳国际
605136.SH,丽人丽妆
603456.SH,九洲药业
603041.SH,美思德
688159.SH,有方科技
002255.SZ,海陆重工
002973.SZ,侨银股份
603766.SH,XD隆鑫通
600644.SH,乐山电力
002287.SZ,奇正藏药
000048.SZ,京基智农
002952.SZ,亚世光电
605006.SH,山东玻纤
688361.SH,中科飞测
600391.SH,航发科技
600861.SH,北京人力
603477.SH,巨星农牧
600725.SH,云维股份
601890.SH,亚星锚链
688625.SH,呈和科技
600612.SH,老凤祥
002943.SZ,宇晶股份
605081.SH,*ST太和
002231.SZ,*ST奥维
000722.SZ,湖南发展
601229.SH,上海银行
688169.SH,石头科技
600303.SH,曙光股份
002626.SZ,金达威
600655.SH,豫园股份
601699.SH,潞安环能
601933.SH,永辉超市
002773.SZ,康弘药业
000869.SZ,张  裕Ａ
600789.SH,鲁抗医药
600593.SH,大连圣亚
600729.SH,重庆百货
600616.SH,金枫酒业
002293.SZ,罗莱生活
688598.SH,金博股份
688536.SH,思瑞浦
688621.SH,阳光诺和
002741.SZ,光华科技
603596.SH,伯特利
688295.SH,中复神鹰
603536.SH,惠发食品
002603.SZ,以岭药业
002982.SZ,湘佳股份
603619.SH,中曼石油
000752.SZ,ST西发
002726.SZ,龙大美食
002982.SZ,湘佳股份
603619.SH,中曼石油
000752.SZ,ST西发
000869.SZ,张  裕Ａ
002726.SZ,龙大美食
600316.SH,洪都航空
603323.SH,苏农银行
000096.SZ,广聚能源
002702.SZ,海欣食品
002683.SZ,广东宏大
002255.SZ,海陆重工
000722.SZ,湖南发展
600351.SH,亚宝药业
603353.SH,和顺石油
601858.SH,中国科传
603486.SH,科沃斯
601997.SH,贵阳银行
002773.SZ,康弘药业
603797.SH,联泰环保
002037.SZ,保利联合
603199.SH,九华旅游
002023.SZ,海特高新
603611.SH,诺力股份
603569.SH,长久物流
000759.SZ,中百集团
002390.SZ,信邦制药
688137.SH,近岸蛋白
002554.SZ,惠博普
001267.SZ,汇绿生态
600105.SH,永鼎股份
600693.SH,东百集团
002597.SZ,金禾实业
002511.SZ,中顺洁柔
600180.SH,瑞茂通
600572.SH,康恩贝
002397.SZ,梦洁股份
002568.SZ,百润股份
600732.SH,爱旭股份
002066.SZ,瑞泰科技
601577.SH,长沙银行
603229.SH,奥翔药业
603330.SH,天洋新材
688598.SH,金博股份
000505.SZ,京粮控股
601107.SH,四川成渝
600744.SH,华银电力
688373.SH,盟科药业-U
600650.SH,锦江在线
002086.SZ,东方海洋
603057.SH,紫燕食品
002807.SZ,江阴银行
002299.SZ,圣农发展
600758.SH,辽宁能源
603755.SH,日辰股份
002714.SZ,牧原股份
002311.SZ,海大集团
603130.SH,云中马
002648.SZ,卫星化学
002076.SZ,*ST星光
600476.SH,湘邮科技
603363.SH,傲农生物
600300.SH,维维股份
600653.SH,申华控股
600708.SH,光明地产
000963.SZ,华东医药
688050.SH,爱博医疗
603087.SH,甘李药业
600562.SH,国睿科技
605116.SH,奥锐特
001234.SZ,泰慕士
000820.SZ,*ST节能
000025.SZ,特  力Ａ
600518.SH,康美药业
600137.SH,浪莎股份
002107.SZ,沃华医药
688606.SH,奥泰生物
002728.SZ,特一药业
000519.SZ,中兵红箭
600926.SH,杭州银行
688206.SH,概伦电子
600491.SH,龙元建设
600721.SH,百花医药
603014.SH,威高血净
603095.SH,越剑智能
600594.SH,益佰制药
688196.SH,卓越新能
000657.SZ,中钨高新
601860.SH,紫金银行
688155.SH,先惠技术
000338.SZ,潍柴动力
601919.SH,中远海控
002216.SZ,三全食品
600108.SH,亚盛集团
603231.SH,索宝蛋白
600129.SH,太极集团
002038.SZ,双鹭药业
603103.SH,横店影视
603868.SH,飞科电器
600060.SH,海信视像
002124.SZ,天邦食品
600353.SH,旭光电子
600965.SH,福成股份
603057.SH,紫燕食品
600581.SH,八一钢铁
600137.SH,浪莎股份
688409.SH,富创精密
002232.SZ,启明信息
000153.SZ,丰原药业
000952.SZ,广济药业
600351.SH,亚宝药业
600267.SH,海正药业
003042.SZ,中农联合
600751.SH,海航科技
603095.SH,越剑智能
603045.SH,福达合金
000513.SZ,丽珠集团
000935.SZ,四川双马
000056.SZ,皇庭国际
603787.SH,新日股份
601015.SH,陕西黑猫
002865.SZ,钧达股份
002332.SZ,仙琚制药
605167.SH,利柏特
688202.SH,美迪西
002910.SZ,庄园牧场
600273.SH,嘉化能源
688660.SH,电气风电
002403.SZ,爱仕达
600129.SH,太极集团
688178.SH,万德斯
601919.SH,中远海控
603345.SH,安井食品
603059.SH,倍加洁
603231.SH,索宝蛋白
000159.SZ,国际实业
002707.SZ,众信旅游
600228.SH,*ST返利
000663.SZ,永安林业
603150.SH,万朗磁塑
000657.SZ,中钨高新
603168.SH,莎普爱思
603062.SH,麦加芯彩
002014.SZ,永新股份
002728.SZ,特一药业
601001.SH,晋控煤业
002141.SZ,*ST贤丰
002697.SZ,红旗连锁
603291.SH,联合水务
601918.SH,新集能源
002968.SZ,新大正
688448.SH,磁谷科技
000813.SZ,德展健康
605567.SH,春雪食品
002137.SZ,实益达
600182.SH,S佳通
603268.SH,*ST松发
000561.SZ,烽火电子
600771.SH,广誉远
603866.SH,桃李面包
002827.SZ,高争民爆
600084.SH,中信尼雅
600546.SH,山煤国际
002029.SZ,七 匹 狼
002521.SZ,齐峰新材
603127.SH,昭衍新药
000951.SZ,中国重汽
002345.SZ,潮宏基
688559.SH,海目星
002822.SZ,ST中装
000610.SZ,西安旅游
600176.SH,中国巨石
603214.SH,爱婴室
600180.SH,瑞茂通
600572.SH,康恩贝
603113.SH,金能科技
688596.SH,正帆科技
688150.SH,莱特光电
603896.SH,寿仙谷
600679.SH,上海凤凰
600661.SH,昂立教育
688155.SH,先惠技术
600212.SH,绿能慧充
603588.SH,高能环境
002021.SZ,中捷资源
603170.SH,宝立食品
603801.SH,志邦家居
688141.SH,杰华特
002240.SZ,盛新锂能
002159.SZ,三特索道
000955.SZ,欣龙控股
600715.SH,文投控股
000912.SZ,泸天化
002581.SZ,未名医药
001296.SZ,长江材料
002034.SZ,旺能环境
600838.SH,上海九百
600901.SH,江苏金租
603815.SH,交建股份
003022.SZ,联泓新科
002562.SZ,兄弟科技
603082.SH,北自科技
600645.SH,中源协和
000876.SZ,新 希 望
603215.SH,XD比依股
002256.SZ,兆新股份
600740.SH,山西焦化
002959.SZ,小熊电器
002224.SZ,三 力 士
688608.SH,恒玄科技
002567.SZ,唐人神
688139.SH,海尔生物
603032.SH,德新科技
600975.SH,新五丰
688199.SH,久日新材
000564.SZ,供销大集
002136.SZ,安 纳 达
002722.SZ,物产金轮
001217.SZ,华尔泰
600785.SH,新华百货
002067.SZ,景兴纸业
000595.SZ,*ST宝实
001227.SZ,兰州银行
601866.SH,中远海发
002675.SZ,东诚药业
688549.SH,中巨芯-U
603031.SH,安孚科技
600674.SH,川投能源
000796.SZ,凯撒旅业
688235.SH,百济神州-U
600352.SH,浙江龙盛
603916.SH,苏博特
000707.SZ,双环科技
002100.SZ,天康生物
000698.SZ,沈阳化工
001328.SZ,登康口腔
002201.SZ,九鼎新材
002172.SZ,澳洋健康
603320.SH,迪贝电气
601328.SH,交通银行
002585.SZ,双星新材
600973.SH,宝胜股份
002551.SZ,尚荣医疗
600798.SH,宁波海运
002486.SZ,嘉麟杰
603260.SH,合盛硅业
002549.SZ,凯美特气
603722.SH,阿科力
688131.SH,皓元医药
002651.SZ,利君股份
600889.SH,南京化纤
000753.SZ,漳州发展
603500.SH,祥和实业
688218.SH,江苏北人
000761.SZ,本钢板材
600503.SH,华丽家族
603285.SH,XD键邦股
000739.SZ,普洛药业
600236.SH,桂冠电力
002040.SZ,南 京 港
002044.SZ,美年健康
002990.SZ,盛视科技
603988.SH,中电电机
688299.SH,长阳科技
002226.SZ,江南化工
600873.SH,梅花生物
603719.SH,良品铺子
002069.SZ,獐子岛
600976.SH,健民集团
000790.SZ,华神科技
603202.SH,天有为
002039.SZ,黔源电力
002758.SZ,浙农股份
603768.SH,常青股份
603209.SH,兴通股份
002459.SZ,晶澳科技
000411.SZ,英特集团
600348.SH,华阳股份
600150.SH,中国船舶
600617.SH,国新能源
600305.SH,恒顺醋业
601665.SH,齐鲁银行
001238.SZ,浙江正特
001201.SZ,东瑞股份
000597.SZ,东北制药
003013.SZ,地铁设计
600666.SH,奥瑞德
601000.SH,唐山港
600127.SH,金健米业
688368.SH,晶丰明源
002385.SZ,大北农
000766.SZ,通化金马
002811.SZ,郑中设计
002187.SZ,广百股份
603369.SH,今世缘
600818.SH,中路股份
001299.SZ,美能能源
000789.SZ,万年青
600828.SH,茂业商业
603708.SH,家家悦
002719.SZ,麦趣尔
603708.SH,家家悦
002719.SZ,麦趣尔
600886.SH,国投电力
603566.SH,普莱柯
002581.SZ,未名医药
601116.SH,三江购物
600329.SH,达仁堂
603739.SH,蔚蓝生物
002627.SZ,三峡旅游
601022.SH,宁波远洋
600770.SH,综艺股份
600226.SH,亨通股份
603387.SH,基蛋生物
002643.SZ,万润股份
002812.SZ,恩捷股份
002347.SZ,泰尔股份
603389.SH,*ST亚振
603737.SH,三棵树
688755.SH,汉邦科技
000735.SZ,罗 牛 山
601666.SH,平煤股份
600359.SH,新农开发
000705.SZ,浙江震元
002800.SZ,天顺股份
603656.SH,泰禾智能
002846.SZ,英联股份
600285.SH,羚锐制药
000723.SZ,美锦能源
600749.SH,西藏旅游
688247.SH,宣泰医药
002651.SZ,利君股份
601010.SH,文峰股份
000017.SZ,深中华A
002282.SZ,博深股份
002001.SZ,新 和 成
600598.SH,北大荒
000920.SZ,沃顿科技
600097.SH,开创国际
000798.SZ,中水渔业
603209.SH,兴通股份
688016.SH,心脉医疗
601528.SH,瑞丰银行
601618.SH,中国中冶
002742.SZ,*ST三圣
688186.SH,广大特材
600230.SH,沧州大化
002607.SZ,中公教育
601212.SH,白银有色
603339.SH,四方科技
600438.SH,通威股份
603072.SH,天和磁材
605077.SH,华康股份
601989.SH,中国重工
002133.SZ,广宇集团
002040.SZ,南 京 港
600016.SH,民生银行
603217.SH,元利科技
003041.SZ,真爱美家
603609.SH,禾丰股份
000886.SZ,海南高速
000028.SZ,国药一致
600535.SH,天士力
603020.SH,爱普股份
603858.SH,步长制药
605399.SH,晨光新材
603987.SH,康德莱
600795.SH,国电电力
600246.SH,万通发展
600395.SH,盘江股份
000978.SZ,桂林旅游
603998.SH,方盛制药
600015.SH,华夏银行
002030.SZ,达安基因
002836.SZ,新宏泽
002631.SZ,德尔未来
600386.SH,北巴传媒
600908.SH,无锡银行
600433.SH,冠豪高新
002459.SZ,晶澳科技
000541.SZ,佛山照明
600496.SH,精工钢构
603222.SH,济民健康
688690.SH,纳微科技
600900.SH,长江电力
603233.SH,大参林
600605.SH,汇通能源
688593.SH,新相微
000554.SZ,泰山石油
002686.SZ,亿利达
002713.SZ,*ST东易
002497.SZ,雅化集团
688166.SH,博瑞医药
688191.SH,智洋创新
688691.SH,灿芯股份
688627.SH,精智达
002092.SZ,中泰化学
002688.SZ,金河生物
603128.SH,华贸物流
600335.SH,国机汽车
600038.SH,中直股份
002092.SZ,中泰化学
002688.SZ,金河生物
603257.SH,中国瑞林
688071.SH,华依科技
002567.SZ,唐人神
002736.SZ,国信证券
601702.SH,华峰铝业
001400.SZ,江顺科技
601966.SH,玲珑轮胎
600846.SH,同济科技
600438.SH,通威股份
002225.SZ,濮耐股份
000921.SZ,海信家电
605077.SH,华康股份
600327.SH,大东方
603565.SH,中谷物流
601916.SH,浙商银行
600971.SH,恒源煤电
688778.SH,厦钨新能
002438.SZ,江苏神通
600187.SH,国中水务
600535.SH,天士力
601601.SH,中国太保
600505.SH,西昌电力
002019.SZ,亿帆医药
002920.SZ,德赛西威
000623.SZ,吉林敖东
002141.SZ,*ST贤丰
002561.SZ,徐家汇
600348.SH,华阳股份
002132.SZ,恒星科技
002510.SZ,天汽模
000001.SZ,平安银行
688690.SH,纳微科技
002529.SZ,*ST海源
600525.SH,ST长园
600678.SH,四川金顶
600630.SH,龙头股份
600127.SH,金健米业
002918.SZ,蒙娜丽莎
601928.SH,凤凰传媒
603137.SH,恒尚节能
603169.SH,兰石重装
002187.SZ,广百股份
002254.SZ,泰和新材
002788.SZ,鹭燕医药
000516.SZ,国际医学
000995.SZ,皇台酒业
600231.SH,凌钢股份
688223.SH,晶科能源
688084.SH,晶品特装
002594.SZ,比亚迪
600119.SH,长江投资
002756.SZ,永兴材料
601636.SH,旗滨集团
002783.SZ,凯龙股份
002763.SZ,汇洁股份
688510.SH,航亚科技
601969.SH,海南矿业
688798.SH,艾为电子
600161.SH,天坛生物
688569.SH,铁科轨道
600916.SH,中国黄金
002850.SZ,科达利
001391.SZ,国货航
688505.SH,复旦张江
003037.SZ,三和管桩
600056.SH,中国医药
600269.SH,赣粤高速
000738.SZ,航发控制
688350.SH,富淼科技
688113.SH,XD联测科
002084.SZ,海鸥住工
603716.SH,塞力医疗
601658.SH,邮储银行
688646.SH,ST逸飞
002110.SZ,三钢闽光
600051.SH,宁波联合
600332.SH,白云山
601101.SH,昊华能源
002625.SZ,光启技术
600550.SH,保变电气
603693.SH,江苏新能
688126.SH,沪硅产业
688351.SH,微电生理
601988.SH,中国银行
600623.SH,华谊集团
605566.SH,福莱蒽特
603993.SH,洛阳钼业
600893.SH,航发动力
688080.SH,映翰通
600425.SH,青松建化
603601.SH,再升科技
688363.SH,华熙生物
600770.SH,综艺股份
688106.SH,金宏气体
601727.SH,上海电气
600827.SH,百联股份
601089.SH,福元医药
600737.SH,中粮糖业
601727.SH,上海电气
600827.SH,百联股份
601089.SH,福元医药
600737.SH,中粮糖业
002564.SZ,天沃科技
600628.SH,新世界
002818.SZ,富森美
603706.SH,东方环宇
688303.SH,大全能源
688105.SH,XD诺唯赞
003043.SZ,华亚智能
000417.SZ,合百集团
002235.SZ,安妮股份
688556.SH,高测股份
000768.SZ,中航西飞
603880.SH,南卫股份
600997.SH,开滦股份
603212.SH,赛伍技术
603259.SH,药明康德
600202.SH,哈空调
000915.SZ,华特达因
600028.SH,中国石化
600500.SH,中化国际
688772.SH,珠海冠宇
002709.SZ,天赐材料
000777.SZ,中核科技
600866.SH,星湖科技
600790.SH,轻纺城
601838.SH,成都银行
603458.SH,勘设股份
603218.SH,日月股份
603275.SH,众辰科技
002154.SZ,报 喜 鸟
600222.SH,太龙药业
000880.SZ,潍柴重机
002462.SZ,嘉事堂
600422.SH,昆药集团
603725.SH,天安新材
600025.SH,华能水电
688293.SH,奥浦迈
600867.SH,通化东宝
601811.SH,新华文轩
600361.SH,创新新材
600518.SH,康美药业
001283.SZ,豪鹏科技
600054.SH,黄山旅游
601166.SH,兴业银行
603213.SH,镇洋发展
688221.SH,前沿生物-U
002737.SZ,葵花药业
000488.SZ,ST晨鸣
603027.SH,千禾味业
600272.SH,开开实业
600989.SH,宝丰能源
603336.SH,宏辉果蔬
000581.SZ,威孚高科
600720.SH,中交设计
600956.SH,新天绿能
002617.SZ,露笑科技
601113.SH,华鼎股份
002068.SZ,黑猫股份
600590.SH,泰豪科技
601818.SH,光大银行
603995.SH,XD甬金股
603117.SH,万林物流
603058.SH,永吉股份
002385.SZ,大北农
002318.SZ,久立特材
600746.SH,江苏索普
002111.SZ,威海广泰
688289.SH,圣湘生物
002022.SZ,科华生物
688710.SH,益诺思
000058.SZ,深 赛 格
688321.SH,微芯生物
002634.SZ,棒杰股份
002180.SZ,纳思达
688127.SH,蓝特光学
600521.SH,华海药业
600784.SH,鲁银投资
688275.SH,万润新能
603043.SH,广州酒家
688083.SH,中望软件
000882.SZ,华联股份
603331.SH,百达精工
601236.SH,红塔证券
000679.SZ,大连友谊
600755.SH,厦门国贸
002889.SZ,东方嘉盛
600354.SH,敦煌种业
002074.SZ,国轩高科
603699.SH,纽威股份
605488.SH,福莱新材
000850.SZ,华茂股份
601096.SH,宏盛华源
002661.SZ,克明食品
000554.SZ,泰山石油
605033.SH,美邦股份
002127.SZ,南极电商
002234.SZ,民和股份
600639.SH,浦东金桥
603169.SH,兰石重装
600188.SH,兖矿能源
603033.SH,三维股份
002788.SZ,鹭燕医药
600479.SH,千金药业
600335.SH,国机汽车
000819.SZ,岳阳兴长
002709.SZ,天赐材料
000582.SZ,北部湾港
600529.SH,山东药玻
603713.SH,XD密尔克
605333.SH,沪光股份
000709.SZ,河钢股份
600778.SH,友好集团
601996.SH,丰林集团
002849.SZ,威星智能
002033.SZ,丽江股份
000536.SZ,华映科技
605377.SH,华旺科技
600053.SH,九鼎投资
600759.SH,洲际油气
002742.SZ,*ST三圣
688662.SH,富信科技
001283.SZ,豪鹏科技
600211.SH,西藏药业
000913.SZ,钱江摩托
600552.SH,凯盛科技
600400.SH,红豆股份
600773.SH,西藏城投
605488.SH,福莱新材
688472.SH,阿特斯
002372.SZ,伟星新材
000401.SZ,冀东水泥
002271.SZ,东方雨虹
002694.SZ,顾地科技
603190.SH,亚通精工
002507.SZ,涪陵榨菜
600057.SH,厦门象屿
600512.SH,腾达建设
689009.SH,九号公司-WD
002753.SZ,永东股份
600717.SH,天津港
001324.SZ,长青科技
001279.SZ,强邦新材
002656.SZ,*ST摩登
002960.SZ,青鸟消防
600795.SH,国电电力
688148.SH,芳源股份
688366.SH,昊海生科
000877.SZ,天山股份
600372.SH,中航机载
603663.SH,三祥新材
002408.SZ,齐翔腾达
002631.SZ,德尔未来
600076.SH,康欣新材
600371.SH,万向德农
605060.SH,联德股份
002173.SZ,创新医疗
688382.SH,益方生物-U
002552.SZ,宝鼎科技
002638.SZ,勤上股份
000958.SZ,电投产融
605255.SH,天普股份
600054.SH,黄山旅游
000802.SZ,北京文化
000898.SZ,鞍钢股份
002557.SZ,洽洽食品
600195.SH,中牧股份
600586.SH,金晶科技
603083.SH,剑桥科技
002219.SZ,新里程
000534.SZ,万泽股份
000966.SZ,长源电力
600168.SH,武汉控股
600872.SH,中炬高新
600170.SH,上海建工
002455.SZ,百川股份
600278.SH,东方创业
002646.SZ,天佑德酒
002659.SZ,凯文教育
600533.SH,栖霞建设
002192.SZ,融捷股份
600135.SH,乐凯胶片
600967.SH,内蒙一机
002494.SZ,华斯股份
002440.SZ,闰土股份
002315.SZ,焦点科技
000564.SZ,供销大集
600169.SH,太原重工
605318.SH,法狮龙
002790.SZ,瑞尔特
603439.SH,贵州三力
600599.SH,*ST熊猫
603960.SH,克来机电
603396.SH,金辰股份
601952.SH,苏垦农发
600265.SH,ST景谷
600000.SH,浦发银行
002791.SZ,坚朗五金
600000.SH,浦发银行
002791.SZ,坚朗五金
600062.SH,华润双鹤
600322.SH,津投城开
603112.SH,华翔股份
002125.SZ,湘潭电化
002041.SZ,登海种业
603329.SH,上海雅仕
688458.SH,美芯晟
600346.SH,恒力石化
603156.SH,养元饮品
002866.SZ,传艺科技
002043.SZ,兔 宝 宝
600020.SH,中原高速
600727.SH,鲁北化工
600233.SH,圆通速递
601388.SH,怡球资源
002825.SZ,纳尔股份
600857.SH,宁波中百
601615.SH,明阳智能
605266.SH,健之佳
603230.SH,内蒙新华
002059.SZ,云南旅游
000927.SZ,中国铁物
601901.SH,方正证券
001228.SZ,永泰运
600704.SH,物产中大
688267.SH,中触媒
000559.SZ,万向钱潮
600497.SH,驰宏锌锗
603721.SH,*ST天择
688480.SH,赛恩斯
600208.SH,衢州发展
605255.SH,天普股份
688665.SH,四方光电
601156.SH,东航物流
000923.SZ,河钢资源
600576.SH,祥源文旅
001208.SZ,华菱线缆
600159.SH,大龙地产
600883.SH,博闻科技
600720.SH,中交设计
600956.SH,新天绿能
002930.SZ,宏川智慧
603882.SH,金域医学
600998.SH,九州通
600215.SH,派斯林
000029.SZ,深深房Ａ
002263.SZ,大东南
600981.SH,汇鸿集团
688285.SH,高铁电气
601233.SH,桐昆股份
688226.SH,威腾电气
601975.SH,招商南油
002382.SZ,蓝帆医疗
002430.SZ,杭氧股份
002419.SZ,天虹股份
000895.SZ,双汇发展
000701.SZ,厦门信达
601988.SH,中国银行
000776.SZ,广发证券
002869.SZ,金溢科技
002458.SZ,益生股份
002601.SZ,龙佰集团
601319.SH,中国人保
002967.SZ,广电计量
000885.SZ,城发环境
000507.SZ,珠海港
000868.SZ,安凯客车
000930.SZ,中粮科技
002469.SZ,三维化学
601877.SH,正泰电器
002057.SZ,中钢天源
002394.SZ,联发股份
601288.SH,农业银行
002195.SZ,岩山科技
601518.SH,吉林高速
600435.SH,北方导航
002787.SZ,华源控股
688234.SH,天岳先进
000333.SZ,美的集团
601311.SH,骆驼股份
002514.SZ,宝馨科技
000008.SZ,神州高铁
002572.SZ,索菲亚
603960.SH,克来机电
000650.SZ,仁和药业
000570.SZ,苏常柴Ａ
000822.SZ,山东海化
002599.SZ,盛通股份
002312.SZ,川发龙蟒
000429.SZ,粤高速Ａ
002752.SZ,昇兴股份
601668.SH,中国建筑
688180.SH,君实生物-U
001322.SZ,箭牌家居
600858.SH,银座股份
600997.SH,开滦股份
603567.SH,珍宝岛
688156.SH,路德环境
600750.SH,江中药业
000767.SZ,晋控电力
688230.SH,芯导科技
002075.SZ,沙钢股份
600897.SH,厦门空港
002950.SZ,奥美医疗
601618.SH,中国中冶
603511.SH,爱慕股份
002009.SZ,天奇股份
600582.SH,天地科技
603848.SH,好太太
002302.SZ,西部建设
002905.SZ,金逸影视
600493.SH,凤竹纺织
001207.SZ,联科科技
600694.SH,大商股份
603976.SH,正川股份
688017.SH,绿的谐波
000592.SZ,平潭发展
600378.SH,昊华科技
000030.SZ,富奥股份
688358.SH,祥生医疗
600941.SH,中国移动
601333.SH,广深铁路
603091.SH,众鑫股份
000837.SZ,秦川机床
002746.SZ,仙坛股份
601399.SH,国机重装
603977.SH,国泰集团
002569.SZ,*ST步森
688360.SH,德马科技
002207.SZ,准油股份
603877.SH,太平鸟
600967.SH,内蒙一机
603806.SH,福斯特
600879.SH,航天电子
600031.SH,三一重工
603615.SH,茶花股份
002571.SZ,德力股份
605177.SH,东亚药业
603833.SH,欧派家居
001335.SZ,信凯科技
688722.SH,同益中
000531.SZ,穗恒运Ａ
600760.SH,中航沈飞
000816.SZ,智慧农业
002167.SZ,东方锆业
600039.SH,四川路桥
603378.SH,亚士创能
600587.SH,新华医疗
002356.SZ,赫美集团
002202.SZ,金风科技
002483.SZ,润邦股份
688359.SH,三孚新科
600339.SH,中油工程
600706.SH,曲江文旅
603409.SH,汇通控股
603587.SH,地素时尚
000615.SZ,*ST美谷
601566.SH,九牧王
002198.SZ,嘉应制药
600008.SH,首创环保
601228.SH,广州港
603055.SH,台华新材
601326.SH,秦港股份
603826.SH,坤彩科技
605100.SH,华丰股份
603658.SH,安图生物
002128.SZ,电投能源
000626.SZ,远大控股
605178.SH,时空科技
600876.SH,凯盛新能
688268.SH,华特气体
001205.SZ,盛航股份
688122.SH,西部超导
603178.SH,圣龙股份
603825.SH,华扬联众
600423.SH,柳化股份
605368.SH,蓝天燃气
002409.SZ,雅克科技
601033.SH,永兴股份
600955.SH,维远股份
002421.SZ,达实智能
688389.SH,普门科技
688046.SH,药康生物
688552.SH,航天南湖
688670.SH,金迪克
600808.SH,马钢股份
601600.SH,中国铝业
600155.SH,华创云信
603182.SH,嘉华股份
600026.SH,中远海能
600059.SH,XD古越龙
001269.SZ,欧晶科技
603767.SH,中马传动
603135.SH,中重科技
000068.SZ,华控赛格
605186.SH,健麾信息
000998.SZ,隆平高科
688277.SH,天智航-U
000068.SZ,华控赛格
605186.SH,健麾信息
000998.SZ,隆平高科
600309.SH,万华化学
002108.SZ,沧州明珠
600742.SH,一汽富维
601019.SH,山东出版
002868.SZ,*ST绿康
603580.SH,*ST艾艾
002319.SZ,乐通股份
002999.SZ,天禾股份
000731.SZ,四川美丰
002681.SZ,奋达科技
601956.SH,东贝集团
000800.SZ,一汽解放
002252.SZ,上海莱士
600229.SH,城市传媒
603155.SH,新亚强
600113.SH,浙江东日
601188.SH,龙江交通
688388.SH,嘉元科技
000713.SZ,丰乐种业
000036.SZ,华联控股
600328.SH,中盐化工
688408.SH,中信博
603520.SH,司太立
000692.SZ,惠天热电
000600.SZ,建投能源
603819.SH,神力股份
600853.SH,龙建股份
000605.SZ,渤海股份
601018.SH,宁波港
600764.SH,中国海防
601012.SH,隆基绿能
600779.SH,水井坊
000700.SZ,模塑科技
600033.SH,福建高速
000967.SZ,盈峰环境
002363.SZ,隆基机械
688253.SH,英诺特
600595.SH,中孚实业
002624.SZ,完美世界
605068.SH,明新旭腾
002027.SZ,分众传媒
002555.SZ,三七互娱
000547.SZ,航天发展
000863.SZ,三湘印象
002149.SZ,西部材料
002613.SZ,北玻股份
600782.SH,新钢股份
688658.SH,悦康药业
688200.SH,华峰测控
603166.SH,福达股份
600919.SH,江苏银行
000892.SZ,欢瑞世纪
600201.SH,生物股份
002608.SZ,江苏国信
000957.SZ,中通客车
600615.SH,丰华股份
688575.SH,亚辉龙
600177.SH,雅戈尔
000708.SZ,中信特钢
002284.SZ,亚太股份
600219.SH,南山铝业
002129.SZ,TCL中环
605007.SH,五洲特纸
002233.SZ,塔牌集团
002303.SZ,美盈森
002329.SZ,皇氏集团
002416.SZ,爱施德
603602.SH,纵横通信
688400.SH,凌云光
002759.SZ,天际股份
002532.SZ,天山铝业
601238.SH,广汽集团
000881.SZ,中广核技
002407.SZ,多氟多
600511.SH,国药股份
600790.SH,轻纺城
603120.SH,肯特催化
688280.SH,精进电动-UW
600754.SH,锦江酒店
601515.SH,东峰集团
003038.SZ,鑫铂股份
688198.SH,佰仁医疗
002088.SZ,鲁阳节能
002573.SZ,清新环境
605055.SH,迎丰股份
601375.SH,中原证券
603628.SH,清源股份
000878.SZ,云南铜业
605098.SH,行动教育
002887.SZ,绿茵生态
601162.SH,天风证券
600817.SH,宇通重工
603808.SH,歌力思
001366.SZ,播恩集团
688347.SH,华虹公司
603076.SH,乐惠国际
000801.SZ,四川九洲
002979.SZ,雷赛智能
603806.SH,福斯特
002245.SZ,蔚蓝锂芯
600072.SH,中船科技
002007.SZ,华兰生物
688758.SH,赛分科技
600968.SH,海油发展
000055.SZ,方大集团
603162.SH,海通发展
002919.SZ,名臣健康
600895.SH,张江高科
600095.SH,湘财股份
688372.SH,伟测科技
601065.SH,江盐集团
002004.SZ,华邦健康
600507.SH,方大特钢
603689.SH,皖天然气
002432.SZ,九安医疗
002145.SZ,中核钛白
002493.SZ,荣盛石化
600763.SH,通策医疗
600369.SH,西南证券
002575.SZ,群兴玩具
603709.SH,中源家居
000690.SZ,宝新能源
600488.SH,津药药业
688091.SH,上海谊众
601369.SH,陕鼓动力
600578.SH,京能电力
600642.SH,申能股份
603379.SH,三美股份
600963.SH,岳阳林纸
601800.SH,中国交建
600368.SH,五洲交通
600650.SH,锦江在线
601595.SH,上海电影
688133.SH,泰坦科技
600833.SH,第一医药
688277.SH,天智航-U
001368.SZ,通达创智
605118.SH,力鼎光电
002687.SZ,乔治白
688211.SH,中科微至
600035.SH,楚天高速
600295.SH,鄂尔多斯
002989.SZ,中天精装
000501.SZ,武商集团
600184.SH,光电股份
002408.SZ,齐翔腾达
600516.SH,方大炭素
600810.SH,神马股份
600207.SH,安彩高科
600859.SH,王府井
600502.SH,安徽建工
002083.SZ,孚日股份
601985.SH,中国核电
603727.SH,博迈科
002508.SZ,老板电器
002602.SZ,ST华通
603613.SH,国联股份
605180.SH,华生科技
601002.SH,XD晋亿实
002398.SZ,垒知集团
688187.SH,时代电气
600764.SH,中国海防
603299.SH,苏盐井神
000948.SZ,南天信息
000520.SZ,凤凰航运
603053.SH,成都燃气
603125.SH,常青科技
600409.SH,三友化工
603867.SH,新化股份
600757.SH,长江传媒
000782.SZ,恒申新材
600760.SH,中航沈飞
688631.SH,莱斯信息
688551.SH,科威尔
002203.SZ,海亮股份
688009.SH,中国通号
002253.SZ,*ST智胜
000755.SZ,山西高速
688390.SH,固德威
600399.SH,抚顺特钢
600662.SH,外服控股
688512.SH,慧智微-U
000601.SZ,韶能股份
600722.SH,金牛化工
002779.SZ,中坚科技
002319.SZ,乐通股份
600938.SH,中国海油
603949.SH,雪龙集团
000860.SZ,顺鑫农业
688819.SH,天能股份
000830.SZ,鲁西化工
600875.SH,东方电气
600050.SH,中国联通
600765.SH,中航重机
600160.SH,巨化股份
002896.SZ,中大力德
000922.SZ,佳电股份
688107.SH,安路科技
002333.SZ,罗普斯金
600566.SH,济川药业
600988.SH,赤峰黄金
002419.SZ,天虹股份
603165.SH,荣晟环保
601288.SH,农业银行
600648.SH,外高桥
002195.SZ,岩山科技
002514.SZ,宝馨科技
601390.SH,中国中铁
002855.SZ,捷荣技术
002010.SZ,传化智联
000567.SZ,海德股份
603002.SH,宏昌电子
000786.SZ,北新建材
002819.SZ,东方中科
600508.SH,上海能源
688236.SH,春立医疗
002701.SZ,奥瑞金
601816.SH,京沪高铁
600436.SH,片仔癀
600380.SH,健康元
002193.SZ,如意集团
600125.SH,铁龙物流
001358.SZ,兴欣新材
603416.SH,信捷电气
000985.SZ,大庆华科
688200.SH,华峰测控
603606.SH,东方电缆
002941.SZ,新疆交建
600874.SH,创业环保
002805.SZ,丰元股份
688317.SH,之江生物
002320.SZ,海峡股份
600817.SH,宇通重工
601100.SH,恒立液压
603948.SH,建业股份
600887.SH,伊利股份
002703.SZ,浙江世宝
688033.SH,天宜上佳
003003.SZ,天元股份
600185.SH,珠免集团
601607.SH,上海医药
688047.SH,龙芯中科
688179.SH,DR阿拉丁
600313.SH,农发种业
600298.SH,安琪酵母
688269.SH,凯立新材
603060.SH,国检集团
603111.SH,康尼机电
688335.SH,复洁环保
000726.SZ,鲁  泰Ａ
601949.SH,中国出版
000858.SZ,五 粮 液
000937.SZ,冀中能源
600210.SH,紫江企业
688190.SH,云路股份
002853.SZ,皮阿诺
000783.SZ,长江证券
000061.SZ,农 产 品
688065.SH,凯赛生物
603997.SH,继峰股份
002797.SZ,第一创业
600833.SH,第一医药
688162.SH,巨一科技
601869.SH,长飞光纤
600116.SH,三峡水利
600284.SH,浦东建设
601801.SH,皖新传媒
002120.SZ,韵达股份
605287.SH,德才股份
000936.SZ,华西股份
600992.SH,贵绳股份
688265.SH,南模生物
688120.SH,华海清科
600692.SH,亚通股份
688410.SH,山外山
688535.SH,华海诚科
603381.SH,永臻股份
688315.SH,诺禾致源
601398.SH,工商银行
002997.SZ,瑞鹄模具
603115.SH,海星股份
603351.SH,威尔药业
601766.SH,中国中车
002817.SZ,黄山胶囊
600362.SH,江西铜业
002027.SZ,分众传媒
600528.SH,中铁工业
601330.SH,绿色动力
600456.SH,宝钛股份
000910.SZ,大亚圣象
600197.SH,伊力特
002301.SZ,齐心集团
601633.SH,长城汽车
601798.SH,蓝科高新
000686.SZ,东北证券
600191.SH,华资实业
002673.SZ,西部证券
600177.SH,雅戈尔
600191.SH,华资实业
002673.SZ,西部证券
600298.SH,安琪酵母
603391.SH,力聚热能
001368.SZ,通达创智
688075.SH,安旭生物
600579.SH,中化装备
000881.SZ,中广核技
600560.SH,金自天正
605319.SH,无锡振华
688496.SH,清越科技
601117.SH,中国化学
603759.SH,海天股份
601728.SH,中国电信
000009.SZ,中国宝安
600636.SH,*ST国化
603659.SH,璞泰来
000905.SZ,厦门港务
002267.SZ,陕天然气
002444.SZ,巨星科技
603429.SH,集友股份
605158.SH,华达新材
603110.SH,东方材料
603073.SH,彩蝶实业
002787.SZ,华源控股
601857.SH,中国石油
600109.SH,国金证券
002493.SZ,荣盛石化
603368.SH,柳药集团
001319.SZ,铭科精技
603288.SH,XD海天味
002606.SZ,大连电瓷
601800.SH,中国交建
688739.SH,成大生物
001286.SZ,陕西能源
000737.SZ,北方铜业
002891.SZ,中宠股份
001218.SZ,丽臣实业
605369.SH,拱东医疗
600988.SH,赤峰黄金
603088.SH,宁波精达
601519.SH,大智慧
600133.SH,东湖高新
600618.SH,氯碱化工
600865.SH,百大集团
603958.SH,哈森股份
600958.SH,东方证券
003023.SZ,彩虹集团
603010.SH,万盛股份
600153.SH,建发股份
001333.SZ,光华股份
600338.SH,西藏珠峰
688167.SH,炬光科技
002668.SZ,TCL智家
002253.SZ,*ST智胜
603210.SH,泰鸿万立
603198.SH,迎驾贡酒
688789.SH,宏华数科
688609.SH,九联科技
688579.SH,山大地纬
603680.SH,今创集团
601898.SH,中煤能源
002427.SZ,尤夫股份
600769.SH,祥龙电业
688331.SH,荣昌生物
688432.SH,有研硅
000922.SZ,佳电股份
002598.SZ,山东章鼓
603505.SH,金石资源
603551.SH,奥普科技
600648.SH,外高桥
601633.SH,长城汽车
601963.SH,重庆银行
688377.SH,迪威尔
002003.SZ,伟星股份
600388.SH,龙净环保
002810.SZ,山东赫达
601133.SH,柏诚股份
600860.SH,京城股份
002026.SZ,山东威达
600697.SH,欧亚集团
600783.SH,鲁信创投
000151.SZ,中成股份
603071.SH,物产环能
603205.SH,健尔康
603917.SH,合力科技
000902.SZ,新洋丰
001387.SZ,雪祺电气
001360.SZ,南矿集团
601808.SH,中海油服
601163.SH,三角轮胎
600641.SH,万业企业
603728.SH,鸣志电器
002962.SZ,五方光电
603219.SH,富佳股份
688273.SH,麦澜德
600668.SH,尖峰集团
600258.SH,首旅酒店
603196.SH,日播时尚
603196.SH,日播时尚
001289.SZ,龙源电力
605183.SH,确成股份
603009.SH,北特科技
601995.SH,中金公司
002855.SZ,捷荣技术
601020.SH,XD华钰矿
688376.SH,美埃科技
603200.SH,上海洗霸
603589.SH,口子窖
603076.SH,乐惠国际
000538.SZ,云南白药
603310.SH,巍华新材
003023.SZ,彩虹集团
603205.SH,健尔康
605003.SH,众望布艺
688757.SH,胜科纳米
002142.SZ,宁波银行
002151.SZ,北斗星通
002980.SZ,华盛昌
688499.SH,利元亨
688228.SH,开普云
688401.SH,路维光电
603026.SH,石大胜华
688416.SH,恒烁股份
688563.SH,航材股份
002028.SZ,思源电气
000003.SZ,PT金田A
000005.SZ,ST星源
000012.SZ,南  玻Ａ
000013.SZ,*ST石化A
000014.SZ,沙河股份
000015.SZ,PT中浩A
000018.SZ,神城A退
000023.SZ,*ST深天
000024.SZ,招商地产
000033.SZ,新都退
000038.SZ,大通退
000040.SZ,*ST旭蓝
000046.SZ,*ST泛海
000047.SZ,ST中侨
000070.SZ,ST特信
000150.SZ,*ST宜康
000156.SZ,华数传媒
000405.SZ,ST鑫光
000406.SZ,石油大明
000412.SZ,ST五环
000413.SZ,ST旭电
000415.SZ,渤海租赁
000416.SZ,*ST民控
000418.SZ,小天鹅A
000428.SZ,华天酒店
000502.SZ,绿景退
000508.SZ,琼民源A
000511.SZ,烯碳退
000515.SZ,攀渝钛业
000517.SZ,荣安地产
000522.SZ,白云山A
000527.SZ,美的电器
000535.SZ,*ST猴王
000539.SZ,粤电力Ａ
000540.SZ,*ST中天
000542.SZ,TCL通讯
000549.SZ,S湘火炬
000552.SZ,甘肃能化
000556.SZ,PT南洋
000562.SZ,宏源证券
000569.SZ,长城股份
000578.SZ,盐湖集团
000583.SZ,S*ST托普
000584.SZ,*ST工智
000585.SZ,东电退
000587.SZ,*ST金洲
000588.SZ,PT粤金曼
000589.SZ,贵州轮胎
000594.SZ,国恒退
000601.SZ,韶能股份
000602.SZ,金马集团
000606.SZ,顺利退
000611.SZ,天首退
000613.SZ,东海A退
000616.SZ,*ST海投
000618.SZ,吉林化工
000621.SZ,*ST比特
000622.SZ,*ST恒立
000627.SZ,天茂集团
000631.SZ,顺发恒业
000652.SZ,泰达股份
000653.SZ,ST九州
000655.SZ,金岭矿业
000656.SZ,*ST金科
000658.SZ,ST海洋
000660.SZ,*ST南华
000662.SZ,天夏退
000666.SZ,经纬纺机
000667.SZ,ST美置
000670.SZ,盈方微
000671.SZ,ST阳光城
000673.SZ,当代退
000675.SZ,ST银山
000671.SZ,ST阳光城
000673.SZ,当代退
000675.SZ,ST银山
000687.SZ,华讯退
000689.SZ,ST宏业
000693.SZ,华泽退
000699.SZ,S*ST佳纸
000718.SZ,苏宁环球
000721.SZ,西安饮食
000726.SZ,鲁  泰Ａ
000728.SZ,国元证券
000730.SZ,*ST环保
000732.SZ,ST泰禾
000748.SZ,长城信息
000750.SZ,国海证券
000760.SZ,斯太退
000763.SZ,锦州石化
000765.SZ,*ST华信
000767.SZ,晋控电力
000769.SZ,*ST大菲
000780.SZ,ST平能
000787.SZ,*ST创智
000805.SZ,*ST炎黄
000806.SZ,银河退
000817.SZ,辽河油田
000827.SZ,*ST长兴
000828.SZ,东莞控股
000832.SZ,*ST龙涤
000835.SZ,长动退
000836.SZ,ST富通
000861.SZ,海印股份
000863.SZ,三湘印象
000866.SZ,扬子石化
000898.SZ,鞍钢股份
000906.SZ,浙商中拓
000916.SZ,华北高速
000918.SZ,*ST嘉凯
000926.SZ,福星股份
000928.SZ,中钢国际
000939.SZ,凯迪退
000949.SZ,新乡化纤
000956.SZ,中原油气
000961.SZ,ST中南
000971.SZ,*ST高升
000972.SZ,*ST中基
000976.SZ,*ST华铁
000979.SZ,中弘退
000980.SZ,众泰汽车
000982.SZ,中银绒业
000987.SZ,越秀资本
000996.SZ,中期退
001239.SZ,永达股份
001286.SZ,陕西能源
001287.SZ,中电港
001872.SZ,招商港口
002002.SZ,ST鸿达
002003.SZ,伟星股份
002013.SZ,中航机电
002018.SZ,华信退
002024.SZ,ST易购
002047.SZ,*ST宝鹰
002060.SZ,广东建工
002070.SZ,众和退
002071.SZ,长城退
002087.SZ,新纺退
002089.SZ,新海退
002091.SZ,江苏国泰
002098.SZ,浔兴股份
002102.SZ,能特科技
002113.SZ,*ST天润
002118.SZ,*ST紫鑫
002120.SZ,韵达股份
002143.SZ,印纪退
002144.SZ,宏达高科
002146.SZ,荣盛发展
002147.SZ,新光退
002160.SZ,常铝股份
002163.SZ,海南发展
002206.SZ,海 利 得
002220.SZ,天宝退
002260.SZ,德奥退
002263.SZ,大东南
002280.SZ,ST联络
002288.SZ,*ST超华
002305.SZ,*ST南置
002308.SZ,*ST威创
002325.SZ,*ST洪涛
002336.SZ,*ST人乐
002341.SZ,ST新纶
002343.SZ,慈文传媒
002356.SZ,赫美集团
002359.SZ,北讯退
002375.SZ,亚厦股份
002381.SZ,双箭股份
002398.SZ,垒知集团
002402.SZ,和而泰
002411.SZ,必康退
002417.SZ,深南退
002421.SZ,达实智能
002433.SZ,太安退
002435.SZ,ST长康
002447.SZ,晨鑫退
002450.SZ,康得退
002451.SZ,摩恩电气
002464.SZ,众应退
002470.SZ,金正大
002473.SZ,圣莱退
002477.SZ,雏鹰退
002480.SZ,新筑股份
002496.SZ,*ST辉丰
002498.SZ,汉缆股份
002499.SZ,科林退
002502.SZ,ST鼎龙
002503.SZ,*ST搜特
002504.SZ,*ST弘高
002505.SZ,鹏都农牧
002509.SZ,天茂退
002524.SZ,光正眼科
002535.SZ,林州重机
002586.SZ,*ST围海
002589.SZ,瑞康医药
002592.SZ,ST八菱
002593.SZ,日上集团
002604.SZ,龙力退
002610.SZ,ST爱康
002613.SZ,北玻股份
002614.SZ,奥佳华
002618.SZ,丹邦退
002619.SZ,*ST艾格
002621.SZ,*ST美吉
002623.SZ,亚玛顿
002658.SZ,雪迪龙
002665.SZ,ST航高
002670.SZ,国盛金控
002671.SZ,龙泉股份
002674.SZ,兴业科技
002680.SZ,长生退
002684.SZ,猛狮退
002685.SZ,华东重机
002687.SZ,乔治白
002699.SZ,*ST美盛
002701.SZ,奥瑞金
002711.SZ,欧浦退
002740.SZ,*ST爱迪
002750.SZ,*ST龙津
002751.SZ,易尚退
002762.SZ,*ST金比
002769.SZ,普路通
002770.SZ,科迪退
002772.SZ,众兴菌业
002776.SZ,*ST柏龙
002781.SZ,奇信退
002798.SZ,帝欧家居
002799.SZ,环球印务
002828.SZ,贝肯能源
002875.SZ,安奈儿
002888.SZ,惠威科技
002909.SZ,集泰股份
002955.SZ,鸿合科技
002966.SZ,苏州银行
002976.SZ,瑞玛精密
002978.SZ,安宁股份
003816.SZ,中国广核
600001.SH,邯郸钢铁
600002.SH,齐鲁石化
600003.SH,ST东北高
600005.SH,武钢股份
600008.SH,首创环保
600009.SH,上海机场
600021.SH,上海电力
600033.SH,福建高速
600035.SH,楚天高速
600061.SH,国投资本
600063.SH,皖维高新
600065.SH,*ST联谊
600066.SH,宇通客车
600068.SH,葛洲坝
600069.SH,退市银鸽
600070.SH,*ST富润
600074.SH,退市保千
600075.SH,新疆天业
600077.SH,*ST宋都
600083.SH,*ST博信
600086.SH,退市金钰
600087.SH,退市长油
600088.SH,中视传媒
600090.SH,退市济堂
600091.SH,退市明科
600092.SH,S*ST精密
600093.SH,退市易见
600094.SH,大名城
600099.SH,林海股份
600102.SH,莱钢股份
600112.SH,*ST天成
600117.SH,西宁特钢
600122.SH,*ST宏图
600138.SH,中青旅
600139.SH,*ST西源
600145.SH,退市新亿
600146.SH,退市环球
600094.SH,大名城
600098.SH,广州发展
600099.SH,林海股份
600102.SH,莱钢股份
600112.SH,*ST天成
600117.SH,西宁特钢
600122.SH,*ST宏图
600130.SH,*ST波导
600133.SH,东湖高新
600138.SH,中青旅
600139.SH,*ST西源
600145.SH,退市新亿
600146.SH,退市环球
600157.SH,永泰能源
600170.SH,上海建工
600172.SH,黄河旋风
600175.SH,退市美都
600181.SH,S*ST云大
600186.SH,莲花控股
600190.SH,*ST锦港
600205.SH,S山东铝
600206.SH,有研新材
600207.SH,安彩高科
600209.SH,退市罗顿
600213.SH,*ST亚星
600220.SH,ST阳光
600221.SH,海航控股
600225.SH,退市卓朗
600240.SH,退市华业
600242.SH,退市中昌
600247.SH,*ST成城
600253.SH,天方药业
600258.SH,首旅酒店
600260.SH,*ST凯乐
600261.SH,阳光照明
600263.SH,路桥建设
600270.SH,外运发展
600275.SH,退市昌鱼
600277.SH,ST亿利
600283.SH,钱江水利
600284.SH,浦东建设
600286.SH,S*ST国瓷
600290.SH,*ST华仪
600291.SH,退市西水
600296.SH,S兰铝
600297.SH,广汇汽车
600306.SH,退市商城
600311.SH,*ST荣华
600317.SH,营口港
600318.SH,新力金融
600321.SH,正源股份
600322.SH,津投城开
600333.SH,长春燃气
600356.SH,恒丰纸业
600357.SH,承德钒钛
600376.SH,首开股份
600382.SH,广东明珠
600385.SH,退市金泰
600387.SH,*ST海越
600388.SH,龙净环保
600393.SH,ST粤泰
600401.SH,退市海润
600409.SH,三友化工
600423.SH,柳化股份
600432.SH,退市吉恩
600462.SH,*ST九有
600466.SH,*ST蓝光
600472.SH,包头铝业
600485.SH,*ST信威
600499.SH,科达制造
600502.SH,安徽建工
600510.SH,黑牡丹
600516.SH,方大炭素
600522.SH,中天科技
600532.SH,退市未来
600548.SH,深高速
600553.SH,太行水泥
600555.SH,退市海创
600559.SH,老白干酒
600565.SH,ST迪马
600575.SH,淮河能源
600591.SH,*ST上航
600595.SH,中孚实业
600604.SH,市北高新
600607.SH,上实医药
600614.SH,退市鹏起
600622.SH,光大嘉宝
600625.SH,PT水仙
600626.SH,申达股份
600627.SH,上电股份
600629.SH,华建集团
600631.SH,百联股份
600632.SH,华联商厦
600633.SH,浙数文化
600634.SH,退市富控
600635.SH,大众公用
600646.SH,ST国嘉
600647.SH,退市同达
600651.SH,飞乐音响
600652.SH,退市游久
600510.SH,黑牡丹
600516.SH,方大炭素
600522.SH,中天科技
600532.SH,退市未来
600545.SH,卓郎智能
600548.SH,深高速
600553.SH,太行水泥
600555.SH,退市海创
600559.SH,老白干酒
600565.SH,ST迪马
600591.SH,*ST上航
600595.SH,中孚实业
600596.SH,新安股份
600607.SH,上实医药
600611.SH,大众交通
600614.SH,退市鹏起
600620.SH,天宸股份
600622.SH,光大嘉宝
600625.SH,PT水仙
600626.SH,申达股份
600627.SH,上电股份
600631.SH,百联股份
600632.SH,华联商厦
600634.SH,退市富控
600635.SH,大众公用
600646.SH,ST国嘉
600647.SH,退市同达
600651.SH,飞乐音响
600652.SH,退市游久
600656.SH,退市博元
600659.SH,*ST花雕
600668.SH,尖峰集团
600669.SH,*ST鞍成
600670.SH,*ST斯达
600672.SH,*ST华圣
600675.SH,中华企业
600677.SH,*ST航通
600680.SH,*ST上普
600683.SH,京投发展
600687.SH,退市刚泰
600692.SH,亚通股份
600695.SH,退市绿庭
600700.SH,*ST数码
600701.SH,退市工新
600705.SH,中航产融
600709.SH,ST生态
600711.SH,ST盛屯
600716.SH,凤凰股份
600723.SH,首商股份
600747.SH,退市大控
600752.SH,*ST哈慈
600761.SH,安徽合力
600762.SH,S*ST金荔
600766.SH,退市园城
600767.SH,退市运盛
600772.SH,S*ST龙昌
600777.SH,ST新潮
600781.SH,退市辅仁
600786.SH,东方锅炉
600788.SH,*ST达曼
600791.SH,京能置业
600799.SH,*ST龙科
600803.SH,新奥股份
600804.SH,*ST鹏博
600806.SH,退市昆机
600811.SH,*ST东方
600813.SH,ST鞍一工
600815.SH,厦工股份
600823.SH,*ST世茂
600832.SH,东方明珠
600836.SH,*ST易连
600837.SH,海通证券
600840.SH,新湖创业
600842.SH,中西药业
600848.SH,上海临港
600849.SH,上药转换
600852.SH,*ST中川
600856.SH,退市中天
600864.SH,哈投股份
600865.SH,百大集团
600868.SH,梅雁吉祥
600870.SH,退市厦华
600871.SH,石化油服
600878.SH,*ST北科
600881.SH,亚泰集团
600890.SH,退市中房
600891.SH,退市秋林
600896.SH,退市海医
600898.SH,*ST美讯
600899.SH,*ST信联
600903.SH,贵州燃气
600905.SH,三峡能源
600925.SH,苏能股份
600935.SH,华塑股份
600936.SH,广西广电
600960.SH,渤海汽车
600968.SH,海油发展
600978.SH,*ST宜生
600991.SH,广汽长丰
601002.SH,XD晋亿实
601199.SH,江南水务
601211.SH,国泰海通
601225.SH,陕西煤业
601228.SH,广州港
601258.SH,*ST庞大
601268.SH,*ST二重
601299.SH,中国北车
601326.SH,秦港股份
601330.SH,绿色动力
601366.SH,利群股份
601377.SH,兴业证券
601388.SH,怡球资源
601398.SH,工商银行
601399.SH,国机重装
601456.SH,国联民生
601558.SH,退市锐电
601568.SH,北元集团
601598.SH,中国外运
601599.SH,浙文影业
601728.SH,中国电信
601798.SH,蓝科高新
601816.SH,京沪高铁
601828.SH,美凯龙
601857.SH,中国石油
601868.SH,中国能建
601872.SH,招商轮船
601878.SH,浙商证券
601880.SH,辽港股份
601921.SH,浙版传媒
601990.SH,南京证券
601992.SH,金隅集团
601996.SH,丰林集团
601999.SH,出版传媒
603003.SH,*ST龙宇
603004.SH,鼎龙科技
603012.SH,创力集团
603015.SH,弘讯科技
603019.SH,中科曙光
603071.SH,物产环能
603077.SH,和邦生物
603085.SH,天成自控
603126.SH,中材节能
603133.SH,退市碳元
603151.SH,邦基科技
603153.SH,上海建科
603157.SH,退市拉夏
603185.SH,弘元绿能
603206.SH,嘉环科技
603216.SH,梦天家居
603227.SH,XD雪峰科
603301.SH,振德医疗
603310.SH,巍华新材
603335.SH,迪生力
603366.SH,日出东方
603382.SH,海阳科技
603400.SH,华之杰
603555.SH,ST贵人
603600.SH,永艺股份
603603.SH,退市博天
603717.SH,天域生物
603733.SH,仙鹤股份
603778.SH,国晟科技
603789.SH,*ST星农
603869.SH,ST智知
603876.SH,XD鼎胜新
603886.SH,元祖股份
603963.SH,*ST大药
603966.SH,法兰泰克
603968.SH,醋化股份
603996.SH,退市中新
605218.SH,伟时电子
605378.SH,野马电池
605500.SH,森林包装
605577.SH,龙版传媒
688027.SH,国盾量子
688033.SH,天宜上佳
688041.SH,海光信息
688057.SH,金达莱
688086.SH,退市紫晶
688089.SH,嘉必优
688132.SH,邦彦技术
688161.SH,威高骨科
688237.SH,超卓航科
688371.SH,菲沃泰
688420.SH,美腾科技
688425.SH,铁建重工
688432.SH,有研硅
688468.SH,科美诊断
688479.SH,友车科技
688516.SH,奥特维
688529.SH,豪森智能
688538.SH,和辉光电-U
688555.SH,退市泽达
688560.SH,明冠新材
688585.SH,上纬新材
688683.SH,莱尔科技
688707.SH,振华新材
688775.SH,影石创新
688278.SH,特宝生物
002028.SZ,思源电气
688278.SH,特宝生物
688531.SH,日联科技
601689.SH,拓普集团
688320.SH,禾川科技
002988.SZ,豪美新材
688193.SH,仁度生物
601628.SH,中国人寿
603322.SH,超讯通信
605088.SH,冠盛股份
688591.SH,泰凌微
603375.SH,盛景微
001359.SZ,平安电工
002151.SZ,北斗星通
001311.SZ,多利科技
688058.SH,宝兰德
601318.SH,中国平安
688177.SH,百奥泰
603690.SH,至纯科技
688298.SH,东方生物
600066.SH,宇通客车
603888.SH,新华网
603800.SH,洪田股份
688420.SH,美腾科技
688777.SH,中控技术
000099.SZ,中信海直
688063.SH,XD派能科
688339.SH,亿华通-U
688737.SH,中自科技
000975.SZ,山金国际
601225.SH,陕西煤业
001298.SZ,好上好
688135.SH,利扬芯片
603922.SH,金鸿顺
600114.SH,东睦股份
688449.SH,联芸科技
688037.SH,芯源微
002915.SZ,中欣氟材
600506.SH,统一股份
688281.SH,华秦科技
601899.SH,紫金矿业
688392.SH,骄成超声
001287.SZ,中电港
600741.SH,华域汽车
688082.SH,盛美上海
601177.SH,杭齿前进
600206.SH,有研新材
688099.SH,晶晨股份
001326.SZ,联域股份
600999.SH,招商证券
000792.SZ,盐湖股份
002957.SZ,科瑞技术
601900.SH,南方传媒
002801.SZ,微光股份
002738.SZ,中矿资源
603061.SH,金海通
001395.SZ,亚联机械
600480.SH,凌云股份
003028.SZ,振邦智能
603711.SH,香飘飘
002749.SZ,国光股份
601086.SH,国芳集团
605222.SH,起帆电缆
605128.SH,上海沿浦
002346.SZ,柘中股份
003015.SZ,日久光电
000960.SZ,锡业股份
002078.SZ,太阳纸业
601098.SH,中南传媒
603813.SH,*ST原尚
688633.SH,星球石墨
002276.SZ,万马股份
688233.SH,神工股份
603519.SH,立霸股份
603929.SH,亚翔集成
000636.SZ,风华高科
002179.SZ,中航光电
688101.SH,三达膜
600030.SH,中信证券
000969.SZ,安泰科技
001965.SZ,招商公路
001266.SZ,宏英智能
002101.SZ,广东鸿图
601058.SH,赛轮轮胎
001376.SZ,百通能源
600460.SH,士兰微
002456.SZ,欧菲光
600343.SH,航天动力
603297.SH,永新光学
688165.SH,埃夫特-U
603303.SH,得邦照明
002423.SZ,中粮资本
600580.SH,卧龙电驱
002976.SZ,瑞玛精密
002972.SZ,科安达
603408.SH,建霖家居
688059.SH,华锐精密
002011.SZ,盾安环境
688543.SH,国科军工
002708.SZ,光洋股份
600548.SH,深高速
600745.SH,闻泰科技
603551.SH,奥普科技
002093.SZ,国脉科技
603786.SH,科博达
000999.SZ,华润三九
002186.SZ,全 聚 德
600539.SH,狮头股份
688699.SH,明微电子
000828.SZ,东莞控股
600894.SH,广日股份
688203.SH,海正生材
003021.SZ,兆威机电
002584.SZ,西陇科学
002205.SZ,国统股份
688399.SH,硕世生物
600835.SH,上海机电
688721.SH,龙图光罩
002052.SZ,*ST同洲
601696.SH,中银证券
600153.SH,建发股份
600775.SH,南京熊猫
002272.SZ,川润股份
688726.SH,拉普拉斯
603966.SH,法兰泰克
688697.SH,纽威数控
002242.SZ,九阳股份
601985.SH,中国核电
002079.SZ,苏州固锝
688012.SH,中微公司
688418.SH,震有科技
002605.SZ,姚记科技
603909.SH,建发合诚
002140.SZ,东华科技
002835.SZ,同为股份
603895.SH,天永智能
603350.SH,安乃达
603661.SH,恒林股份
603088.SH,宁波精达
605369.SH,拱东医疗
002888.SZ,惠威科技
603515.SH,欧普照明
600271.SH,航天信息
002588.SZ,史丹利
603078.SH,江化微
603399.SH,永杉锂业
603982.SH,泉峰汽车
688006.SH,杭可科技
000685.SZ,中山公用
002357.SZ,富临运业
688355.SH,明志科技
002371.SZ,北方华创
688309.SH,恒誉环保
688456.SH,有研粉材
000635.SZ,英 力 特
600198.SH,大唐电信
000301.SZ,东方盛虹
603158.SH,腾龙股份
688720.SH,艾森股份
601555.SH,东吴证券
603282.SH,亚光股份
688558.SH,国盛智科
603626.SH,科森科技
688659.SH,元琛科技
601200.SH,上海环境
603321.SH,梅轮电梯
688605.SH,先锋精科
002085.SZ,万丰奥威
603036.SH,如通股份
688638.SH,誉辰智能
601127.SH,赛力斯
603726.SH,朗迪集团
600032.SH,浙江新能
000156.SZ,华数传媒
000039.SZ,中集集团
603990.SH,麦迪科技
688563.SH,航材股份
002097.SZ,山河智能
002236.SZ,大华股份
688521.SH,芯原股份
600241.SH,时代万恒
600064.SH,南京高科
003016.SZ,欣贺股份
600487.SH,亨通光电
002560.SZ,通达股份
603903.SH,中持股份
605011.SH,杭州热电
605222.SH,起帆电缆
002297.SZ,博云新材
002400.SZ,省广集团
601512.SH,中新集团
600058.SH,五矿发展
688585.SH,上纬新材
000925.SZ,众合科技
001356.SZ,富岭股份
002091.SZ,江苏国泰
603290.SH,斯达半导
002401.SZ,中远海科
688088.SH,虹软科技
600156.SH,XD华升股
003005.SZ,竞业达
688146.SH,中船特气
000049.SZ,德赛电池
002415.SZ,海康威视
000157.SZ,中联重科
600237.SH,铜峰电子
688381.SH,帝奥微
688307.SH,中润光学
002353.SZ,杰瑞股份
688007.SH,光峰科技
603160.SH,汇顶科技
000617.SZ,中油资本
605020.SH,永和股份
603316.SH,诚邦股份
600520.SH,三佳科技
605589.SH,圣泉集团
002885.SZ,京泉华
688143.SH,长盈通
000670.SZ,盈方微
600019.SH,宝钢股份
601006.SH,大秦铁路
688583.SH,思看科技
600367.SH,红星发展
002903.SZ,宇环数控
688631.SH,莱斯信息
688019.SH,安集科技
002859.SZ,洁美科技
688766.SH,普冉股份
002520.SZ,日发精机
600667.SH,太极实业
605208.SH,永茂泰
603344.SH,星德胜
603919.SH,金徽酒
600918.SH,中泰证券
601179.SH,中国西电
600855.SH,航天长峰
603610.SH,麒盛科技
603029.SH,天鹅股份
600106.SH,重庆路桥
002304.SZ,洋河股份
600780.SH,通宝能源
688217.SH,睿昂基因
688098.SH,申联生物
688066.SH,航天宏图
600256.SH,广汇能源
600089.SH,特变电工
605166.SH,聚合顺
600592.SH,龙溪股份
000498.SZ,山东路桥
600027.SH,华电国际
002727.SZ,一心堂
600864.SH,哈投股份
601686.SH,友发集团
688653.SH,康希通信
600538.SH,国发股份
000715.SZ,中兴商业
002053.SZ,云南能投
600917.SH,重庆燃气
002766.SZ,索菱股份
603767.SH,中马传动
603517.SH,绝味食品
002739.SZ,万达电影
603163.SH,圣晖集成
002328.SZ,新朋股份
001282.SZ,三联锻造
601886.SH,江河集团
688603.SH,天承科技
688261.SH,东微半导
601958.SH,金钼股份
603225.SH,新凤鸣
601216.SH,君正集团
600390.SH,五矿资本
603499.SH,翔港科技
603878.SH,武进不锈
688475.SH,萤石网络
688093.SH,世华科技
600373.SH,中文传媒
600287.SH,ST舜天
600163.SH,中闽能源
605133.SH,嵘泰股份
603788.SH,宁波高发
603508.SH,思维列控
002922.SZ,伊戈尔
600101.SH,明星电力
688168.SH,安博通
603530.SH,神马电力
600714.SH,金瑞矿业
000557.SZ,西部创业
002479.SZ,富春环保
600822.SH,上海物贸
600382.SH,广东明珠
603667.SH,五洲新春
688507.SH,XD索辰科
600149.SH,廊坊发展
002516.SZ,旷达科技
002538.SZ,司尔特
002879.SZ,长缆科技
603172.SH,万丰股份
600281.SH,华阳新材
002718.SZ,友邦吊顶
605365.SH,立达信
002538.SZ,司尔特
002879.SZ,长缆科技
600281.SH,华阳新材
002718.SZ,友邦吊顶
605365.SH,立达信
000681.SZ,视觉中国
000155.SZ,川能动力
000532.SZ,华金资本
600839.SH,四川长虹
000829.SZ,天音控股
002666.SZ,德联集团
688181.SH,八亿时空
688671.SH,碧兴物联
002637.SZ,赞宇科技
000539.SZ,粤电力Ａ
000807.SZ,云铝股份
603367.SH,辰欣药业
605259.SH,绿田机械
603358.SH,华达科技
603863.SH,松炀资源
601799.SH,星宇股份
601021.SH,春秋航空
601336.SH,新华保险
603970.SH,中农立华
600004.SH,白云机场
688651.SH,盛邦安全
688469.SH,芯联集成-U
603124.SH,江南新材
688429.SH,时创能源
601118.SH,海南橡胶
603871.SH,嘉友国际
688172.SH,燕东微
000883.SZ,湖北能源
603239.SH,浙江仙通
603040.SH,新坐标
002715.SZ,登云股份
001330.SZ,博纳影业
000060.SZ,中金岭南
603738.SH,泰晶科技
002077.SZ,大港股份
002183.SZ,怡 亚 通
002970.SZ,锐明技术
600966.SH,博汇纸业
002870.SZ,香山股份
002465.SZ,海格通信
688209.SH,英集芯
688095.SH,福昕软件
603356.SH,华菱精工
601608.SH,中信重工
000719.SZ,中原传媒
002448.SZ,中原内配
002185.SZ,华天科技
002429.SZ,兆驰股份
605268.SH,王力安防
603220.SH,中贝通信
002829.SZ,星网宇达
002466.SZ,天齐锂业
001255.SZ,博菲电气
603685.SH,晨丰科技
000887.SZ,中鼎股份
603272.SH,联翔股份
688700.SH,东威科技
603177.SH,德创环保
002135.SZ,东南网架
600651.SH,飞乐音响
600310.SH,广西能源
688138.SH,清溢光电
603037.SH,凯众股份
603517.SH,绝味食品
000007.SZ,全新好
600282.SH,南钢股份
600863.SH,内蒙华电
002641.SZ,公元股份
603183.SH,建研院
002031.SZ,巨轮智能
603501.SH,韦尔股份
603188.SH,亚邦股份
603528.SH,多伦科技
001288.SZ,运机集团
002424.SZ,ST百灵
688048.SH,长光华芯
688249.SH,晶合集成
003007.SZ,直真科技
688509.SH,正元地信
002895.SZ,川恒股份
603052.SH,可川科技
001380.SZ,华纬科技
603066.SH,音飞储存
000628.SZ,高新发展
603236.SH,移远通信
688581.SH,安杰思
002472.SZ,双环传动
000652.SZ,泰达股份
603633.SH,徕木股份
000425.SZ,徐工机械
003031.SZ,中瓷电子
605358.SH,立昂微
688119.SH,中钢洛耐
002745.SZ,木林森
603488.SH,展鹏科技
600933.SH,爱柯迪
603107.SH,上海汽配
603124.SH,江南新材
600248.SH,陕建股份
600448.SH,华纺股份
688653.SH,康希通信
603172.SH,万丰股份
603556.SH,海兴电力
603501.SH,韦尔股份
002560.SZ,通达股份
002757.SZ,南兴股份
600398.SH,海澜之家
688345.SH,博力威
002119.SZ,康强电子
601599.SH,浙文影业
002987.SZ,京北方
002400.SZ,省广集团
000810.SZ,创维数字
000925.SZ,众合科技
600969.SH,郴电国际
000408.SZ,藏格矿业
000543.SZ,皖能电力
603232.SH,格尔软件
605189.SH,富春染织
000066.SZ,中国长城
600523.SH,贵航股份
600531.SH,豫光金铅
002296.SZ,辉煌科技
002992.SZ,宝明科技
603355.SH,莱克电气
603325.SH,博隆技术
002131.SZ,利欧股份
002212.SZ,天融信
688352.SH,颀中科技
002716.SZ,湖南白银
600733.SH,北汽蓝谷
002705.SZ,新宝股份
688584.SH,上海合晶
002158.SZ,汉钟精机
601021.SH,春秋航空
000917.SZ,电广传媒
000825.SZ,太钢不锈
002222.SZ,福晶科技
000089.SZ,深圳机场
688433.SH,华曙高科
000090.SZ,天健集团
000404.SZ,长虹华意
605303.SH,园林股份
601128.SH,DR常熟银
688097.SH,博众精工
000697.SZ,ST炼石
601619.SH,嘉泽新能
603617.SH,君禾股份
688128.SH,中国电研
002060.SZ,广东建工
603324.SH,盛剑科技
600822.SH,上海物贸
603928.SH,兴业股份
000823.SZ,超声电子
688329.SH,艾隆科技
000563.SZ,陕国投Ａ
002985.SZ,北摩高科
688032.SH,禾迈股份
603138.SH,海量数据
600888.SH,新疆众和
688586.SH,江航装备
600825.SH,新华传媒
688055.SH,龙腾光电
605358.SH,立昂微
603035.SH,常熟汽饰
002054.SZ,德美化工
002102.SZ,能特科技
002533.SZ,金杯电工
688628.SH,优利德
688521.SH,芯原股份
002109.SZ,兴化股份
603583.SH,捷昌驱动
603360.SH,百傲化学
600839.SH,四川长虹
688981.SH,中芯国际
601006.SH,大秦铁路
600906.SH,财达证券
000415.SZ,渤海租赁
000509.SZ,华塑控股
688255.SH,凯尔达
688711.SH,宏微科技
688045.SH,必易微
688793.SH,倍轻松
000809.SZ,和展能源
688459.SH,哈铁科技
603298.SH,杭叉集团
000785.SZ,居然智家
000973.SZ,佛塑科技
002266.SZ,浙富控股
000062.SZ,深圳华强
600665.SH,天地源
601991.SH,大唐发电
688147.SH,微导纳米
002542.SZ,中化岩土
603121.SH,华培动力
002542.SZ,中化岩土
603121.SH,华培动力
002520.SZ,日发精机
000909.SZ,ST数源
603318.SH,水发燃气
000063.SZ,中兴通讯
600831.SH,ST广网
600279.SH,重庆港
600707.SH,彩虹股份
603444.SH,吉比特
002218.SZ,拓日新能
001378.SZ,德冠新材
002460.SZ,赣锋锂业
601226.SH,华电科工
600243.SH,*ST海华
688689.SH,银河微电
002439.SZ,启明星辰
000762.SZ,西藏矿业
002559.SZ,亚威股份
001323.SZ,慕思股份
603838.SH,*ST四通
600312.SH,平高电气
600292.SH,远达环保
003026.SZ,中晶科技
605008.SH,长鸿高科
000899.SZ,赣能股份
002048.SZ,宁波华翔
601965.SH,中国汽研
688170.SH,德龙激光
002443.SZ,金洲管道
600171.SH,上海贝岭
601611.SH,中国核建
002420.SZ,毅昌科技
600141.SH,兴发集团
001373.SZ,翔腾新材
002851.SZ,麦格米特
600689.SH,上海三毛
001256.SZ,炜冈科技
000831.SZ,中国稀土
002700.SZ,新疆浩源
600029.SH,南方航空
603636.SH,南威软件
600882.SH,妙可蓝多
002283.SZ,天润工业
603161.SH,科华控股
002654.SZ,万润科技
002977.SZ,天箭科技
002185.SZ,华天科技
002164.SZ,宁波东力
603348.SH,文灿股份
688308.SH,欧科亿
002239.SZ,奥特佳
688325.SH,赛微微电
603887.SH,城地香江
000803.SZ,山高环能
002676.SZ,顺威股份
603898.SH,好莱客
603357.SH,设计总院
688003.SH,天准科技
600688.SH,上海石化
688396.SH,华润微
600909.SH,华安证券
003039.SZ,顺控发展
002016.SZ,世荣兆业
002712.SZ,思美传媒
605168.SH,三人行
002883.SZ,中设股份
600179.SH,安通控股
001231.SZ,农心科技
600262.SH,北方股份
688197.SH,首药控股-U
000568.SZ,泸州老窖
002095.SZ,生 意 宝
688607.SH,康众医疗
000893.SZ,亚钾国际
600183.SH,生益科技
002426.SZ,胜利精密
688255.SH,凯尔达
002803.SZ,吉宏股份
000544.SZ,中原环保
601106.SH,中国一重
603380.SH,易德龙
003025.SZ,思进智能
603939.SH,益丰药房
002247.SZ,聚力文化
603986.SH,兆易创新
001337.SZ,四川黄金
688323.SH,瑞华泰
002117.SZ,东港股份
600728.SH,佳都科技
002893.SZ,京能热力
600756.SH,浪潮软件
600609.SH,金杯汽车
603859.SH,能科科技
002156.SZ,通富微电
001336.SZ,楚环科技
002210.SZ,飞马国际
002558.SZ,巨人网络
688327.SH,云从科技-UW
002314.SZ,南山控股
603201.SH,常润股份
002901.SZ,大博医疗
002158.SZ,汉钟精机
688610.SH,埃科光电
600312.SH,平高电气
002349.SZ,精华制药
600929.SH,雪天盐业
603992.SH,松霖科技
600012.SH,皖通高速
000629.SZ,钒钛股份
688201.SH,信安世纪
600199.SH,金种子酒
002106.SZ,莱宝高科
603638.SH,艾迪精密
600985.SH,淮北矿业
002861.SZ,瀛通通讯
688308.SH,欧科亿
000893.SZ,亚钾国际
603828.SH,ST柯利达
000021.SZ,深科技
600517.SH,国网英大
688548.SH,广钢气体
000818.SZ,航锦科技
002886.SZ,沃特股份
000528.SZ,柳    工
003017.SZ,大洋生物
600526.SH,菲达环保
000016.SZ,深康佳Ａ
002983.SZ,芯瑞达
600703.SH,三安光电
688733.SH,壹石通
001259.SZ,利仁科技
002935.SZ,天奥电子
603080.SH,新疆火炬
002782.SZ,可立克
001337.SZ,四川黄金
002512.SZ,达华智能
688718.SH,唯赛勃
002368.SZ,太极股份
600733.SH,北汽蓝谷
603980.SH,吉华集团
600100.SH,同方股份
000917.SZ,电广传媒
688076.SH,诺泰生物
601669.SH,中国电建
688292.SH,浩瀚深度
002802.SZ,洪汇新材
000069.SZ,华侨城Ａ
000727.SZ,冠捷科技
600426.SH,华鲁恒升
002156.SZ,通富微电
002678.SZ,珠江钢琴
688601.SH,力芯微
000697.SZ,ST炼石
600885.SH,宏发股份
002547.SZ,春兴精工
603579.SH,荣泰健康
001256.SZ,炜冈科技
603700.SH,宁水集团
002062.SZ,宏润建设
000571.SZ,新大洲A
601208.SH,东材科技
002182.SZ,宝武镁业
603969.SH,银龙股份
000932.SZ,华菱钢铁
603279.SH,景津装备
002065.SZ,东华软件
600658.SH,电子城
603266.SH,天龙股份
002945.SZ,华林证券
000088.SZ,盐 田 港
001330.SZ,博纳影业
603327.SH,福蓉科技
603022.SH,新通联
603662.SH,柯力传感
603100.SH,川仪股份
688652.SH,京仪装备
600756.SH,浪潮软件
003018.SZ,金富科技
688114.SH,华大智造
600719.SH,大连热电
600350.SH,山东高速
002884.SZ,凌霄泵业
002558.SZ,巨人网络
601068.SH,中铝国际
601868.SH,中国能建
688322.SH,奥比中光-UW
002506.SZ,协鑫集成
001339.SZ,智微智能
600699.SH,均胜电子
000002.SZ,万  科Ａ
002035.SZ,华帝股份
002917.SZ,金奥博
600337.SH,美克家居
002175.SZ,东方智造
688380.SH,中微半导
003033.SZ,征和工业
000821.SZ,京山轻机
002217.SZ,*ST合泰
002872.SZ,ST天圣
002872.SZ,ST天圣
601609.SH,金田股份
605376.SH,博迁新材
600824.SH,益民集团
688288.SH,鸿泉物联
600739.SH,辽宁成大
600882.SH,妙可蓝多
600584.SH,长电科技
603311.SH,金海高科
603860.SH,中公高科
000981.SZ,山子高科
002150.SZ,通润装备
688216.SH,气派科技
688171.SH,纬德信息
002487.SZ,大金重工
002871.SZ,伟隆股份
688750.SH,金天钛业
688466.SH,金科环境
002404.SZ,嘉欣丝绸
688419.SH,耐科装备
603933.SH,睿能科技
688334.SH,西高院
002730.SZ,电光科技
600389.SH,江山股份
002327.SZ,富安娜
002122.SZ,汇洲智能
002926.SZ,华西证券
001223.SZ,欧克科技
688067.SH,爱威科技
002300.SZ,太阳电缆
688343.SH,云天励飞-U
600863.SH,内蒙华电
000900.SZ,现代投资
603063.SH,禾望电气
603286.SH,日盈电子
000619.SZ,海螺新材
600847.SH,万里股份
688450.SH,光格科技
603466.SH,风语筑
002051.SZ,中工国际
600235.SH,民丰特纸
603315.SH,福鞍股份
000551.SZ,创元科技
688305.SH,科德数控
002153.SZ,石基信息
603105.SH,芯能科技
002911.SZ,佛燃能源
001306.SZ,夏厦精密
002515.SZ,金字火腿
600498.SH,烽火通信
002590.SZ,万安科技
688348.SH,昱能科技
688283.SH,坤恒顺维
001316.SZ,润贝航科
002553.SZ,南方精工
003040.SZ,楚天龙
002906.SZ,华阳集团
001270.SZ,*ST铖昌
600370.SH,三房巷
600470.SH,六国化工
600819.SH,耀皮玻璃
601121.SH,宝地矿业
600167.SH,联美控股
603803.SH,瑞斯康达
000607.SZ,华媒控股
002061.SZ,浙江交科
000890.SZ,法尔胜
688157.SH,松井股份
688021.SH,奥福科技
688272.SH,富吉瑞
002778.SZ,中晟高科
002138.SZ,顺络电子
000637.SZ,茂化实华
002755.SZ,奥赛康
688395.SH,正弦电气
002406.SZ,远东传动
688486.SH,龙迅股份
603097.SH,江苏华辰
603817.SH,海峡环保
688411.SH,海博思创
002591.SZ,恒大高新
000799.SZ,酒鬼酒
603018.SH,华设集团
688533.SH,上声电子
001336.SZ,楚环科技
688338.SH,赛科希德
688562.SH,航天软件
002768.SZ,国恩股份
603989.SH,艾华集团
603005.SH,晶方科技
601882.SH,海天精工
605258.SH,协和电子
603629.SH,利通电子
600619.SH,海立股份
600577.SH,精达股份
002933.SZ,新兴装备
000612.SZ,焦作万方
002712.SZ,思美传媒
688561.SH,奇安信-U
001209.SZ,洪兴股份
002748.SZ,世龙实业
603989.SH,艾华集团
002906.SZ,华阳集团
601882.SH,海天精工
605258.SH,协和电子
603276.SH,恒兴新材
600577.SH,精达股份
002933.SZ,新兴装备
002635.SZ,安洁科技
002712.SZ,思美传媒
002984.SZ,森麒麟
688561.SH,奇安信-U
603195.SH,公牛集团
002729.SZ,好利科技
603915.SH,国茂股份
002230.SZ,科大讯飞
603558.SH,健盛集团
601929.SH,吉视传媒
688090.SH,瑞松科技
003036.SZ,泰坦股份
002523.SZ,天桥起重
002679.SZ,福建金森
002274.SZ,华昌化工
002482.SZ,广田集团
605169.SH,洪通燃气
603897.SH,长城科技
002449.SZ,国星光电
000862.SZ,银星能源
600736.SH,苏州高新
002138.SZ,顺络电子
002131.SZ,利欧股份
002716.SZ,湖南白银
688525.SH,佰维存储
002005.SZ,ST德豪
002536.SZ,飞龙股份
688545.SH,兴福电子
603912.SH,佳力图
603678.SH,火炬电子
600489.SH,中金黄金
688116.SH,天奈科技
688682.SH,DR霍莱沃
688031.SH,星环科技-U
000778.SZ,新兴铸管
002248.SZ,华东数控
000953.SZ,河化股份
002012.SZ,凯恩股份
000959.SZ,首钢股份
688676.SH,金盘科技
688385.SH,复旦微电
600379.SH,宝光股份
001979.SZ,招商蛇口
688367.SH,工大高科
600847.SH,万里股份
601588.SH,北辰实业
002953.SZ,日丰股份
688130.SH,晶华微
002876.SZ,三利谱
000795.SZ,英洛华
688663.SH,新风光
688485.SH,九州一轨
603843.SH,*ST正平
002698.SZ,博实股份
600196.SH,复星医药
601360.SH,三六零
600547.SH,山东黄金
603187.SH,海容冷链
000620.SZ,新华联
688172.SH,燕东微
603300.SH,海南华铁
688620.SH,安凯微
000799.SZ,酒鬼酒
603132.SH,金徽股份
002823.SZ,凯中精密
688323.SH,瑞华泰
002324.SZ,普利特
603529.SH,爱玛科技
688205.SH,德科立
002645.SZ,华宏科技
605155.SH,西大门
688680.SH,海优新材
603773.SH,沃格光电
688225.SH,亚信安全
002768.SZ,国恩股份
603261.SH,*ST立航
600458.SH,XD时代新
600718.SH,东软集团
605398.SH,新炬网络
600325.SH,华发股份
688022.SH,瀚川智能
000421.SZ,南京公用
002830.SZ,名雕股份
002863.SZ,今飞凯达
600118.SH,中国卫星
002243.SZ,力合科创
002777.SZ,久远银海
603338.SH,浙江鼎力
002268.SZ,电科网安
688336.SH,三生国健
002691.SZ,冀凯股份
600571.SH,信雅达
688678.SH,福立旺
000733.SZ,振华科技
688118.SH,普元信息
688125.SH,安达智能
603098.SH,森特股份
603118.SH,共进股份
603529.SH,爱玛科技
002273.SZ,水晶光电
600007.SH,中国国贸
603937.SH,丽岛新材
003032.SZ,*ST传智
603197.SH,保隆科技
600410.SH,华胜天成
002300.SZ,太阳电缆
002518.SZ,科士达
002908.SZ,德生科技
002734.SZ,利民股份
600406.SH,国电南瑞
002130.SZ,沃尔核材
600987.SH,航民股份
002386.SZ,天原股份
688110.SH,东芯股份
600802.SH,福建水泥
688588.SH,凌志软件
002454.SZ,松芝股份
688001.SH,华兴源创
601298.SH,青岛港
002857.SZ,三晖电气
603918.SH,金桥信息
688701.SH,卓锦股份
688498.SH,源杰科技
600173.SH,卧龙新能
002457.SZ,青龙管业
603648.SH,畅联股份
002786.SZ,银宝山新
000612.SZ,焦作万方
603991.SH,至正股份
000680.SZ,山推股份
603978.SH,深圳新星
002971.SZ,和远气体
688576.SH,西山科技
002725.SZ,跃岭股份
002831.SZ,裕同科技
603703.SH,盛洋科技
603203.SH,快克智能
601136.SH,首创证券
002892.SZ,科力尔
000423.SZ,东阿阿胶
603718.SH,海利生物
002815.SZ,崇达技术
603280.SH,南方路机
600319.SH,亚星化学
601827.SH,三峰环境
600067.SH,冠城新材
688567.SH,孚能科技
688571.SH,杭华股份
603890.SH,春秋电子
688311.SH,盟升电子
600602.SH,云赛智联
688595.SH,芯海科技
002369.SZ,卓翼科技
000035.SZ,中国天楹
002931.SZ,锋龙股份
688049.SH,炬芯科技
002410.SZ,广联达
002335.SZ,科华数据
000537.SZ,中绿电
002628.SZ,成都路桥
002636.SZ,金安国纪
688337.SH,普源精电
688262.SH,国芯科技
002238.SZ,天威视讯
002877.SZ,智能自控
605598.SH,上海港湾
688291.SH,金橙子
002577.SZ,雷柏科技
688685.SH,迈信林
002146.SZ,荣盛发展
001331.SZ,胜通能源
002122.SZ,汇洲智能
600986.SH,浙文互联
688025.SH,杰普特
688349.SH,三一重能
002921.SZ,联诚精密
688060.SH,云涌科技
601777.SH,千里科技
603776.SH,永安行
002747.SZ,埃斯顿
000712.SZ,锦龙股份
002452.SZ,长高电新
605305.SH,中际联合
600850.SH,电科数字
002517.SZ,恺英网络
688530.SH,欧莱新材
600421.SH,*ST华嵘
600821.SH,金开新能
002367.SZ,康力电梯
688612.SH,威迈斯
002937.SZ,兴瑞科技
688030.SH,山石网科
002706.SZ,良信股份
002921.SZ,联诚精密
002913.SZ,奥士康
603918.SH,金桥信息
688060.SH,云涌科技
601777.SH,千里科技
603776.SH,永安行
002747.SZ,埃斯顿
000712.SZ,锦龙股份
002452.SZ,长高电新
600850.SH,电科数字
002517.SZ,恺英网络
688530.SH,欧莱新材
600421.SH,*ST华嵘
600821.SH,金开新能
002367.SZ,康力电梯
688030.SH,山石网科
003008.SZ,开普检测
600048.SH,保利发展
688231.SH,隆达股份
002897.SZ,意华股份
688617.SH,惠泰医疗
603901.SH,永创智能
600549.SH,厦门钨业
603191.SH,望变电气
688767.SH,博拓生物
688062.SH,迈威生物-U
688398.SH,赛特新材
000006.SZ,深振业Ａ
000590.SZ,启迪药业
688312.SH,燕麦科技
002690.SZ,美亚光电
603598.SH,引力传媒
688557.SH,兰剑智能
600330.SH,天通股份
000965.SZ,天保基建
603936.SH,博敏电子
688085.SH,三友医疗
688709.SH,成都华微
688056.SH,莱伯泰科
688061.SH,灿瑞科技
603081.SH,大丰实业
002474.SZ,榕基软件
600731.SH,湖南海利
002780.SZ,三夫户外
603385.SH,惠达卫浴
000793.SZ,ST华闻
000607.SZ,华媒控股
002049.SZ,紫光国微
002351.SZ,漫步者
688391.SH,钜泉科技
688589.SH,力合微
000725.SZ,京东方Ａ
002838.SZ,道恩股份
002410.SZ,广联达
002358.SZ,森源电气
603312.SH,XD西典新
688072.SH,拓荆科技
688257.SH,新锐股份
002806.SZ,华锋股份
002692.SZ,远程股份
600643.SH,爱建集团
688332.SH,中科蓝讯
688010.SH,福光股份
000990.SZ,诚志股份
000683.SZ,博源化工
603021.SH,ST华鹏
688678.SH,福立旺
605277.SH,新亚电子
002032.SZ,苏 泊 尔
000004.SZ,*ST国华
603328.SH,依顿电子
002281.SZ,光迅科技
002937.SZ,兴瑞科技
002655.SZ,共达电声
002995.SZ,天地在线
603068.SH,博通集成
603090.SH,宏盛股份
603038.SH,华立股份
600238.SH,*ST椰岛
600444.SH,国机通用
600383.SH,金地集团
603729.SH,龙韵股份
688232.SH,新点软件
688015.SH,交控科技
002348.SZ,高乐股份
002755.SZ,奥赛康
688051.SH,佳华科技
603267.SH,鸿远电子
688486.SH,龙迅股份
688577.SH,浙海德曼
600096.SH,云天化
688121.SH,卓然股份
000020.SZ,深华发Ａ
002863.SZ,今飞凯达
601968.SH,宝钢包装
000422.SZ,湖北宜化
002123.SZ,梦网科技
603180.SH,金牌家居
000815.SZ,美利云
002335.SZ,科华数据
603270.SH,金帝股份
002780.SZ,三夫户外
600455.SH,博通股份
603116.SH,红蜻蜓
688786.SH,悦安新材
603223.SH,恒通股份
688768.SH,容知日新
002706.SZ,良信股份
603757.SH,大元泵业
002050.SZ,三花智控
603586.SH,金麒麟
002539.SZ,云图控股
002963.SZ,豪尔赛
601279.SH,英利汽车
688695.SH,中创股份
688028.SH,沃尔德
000593.SZ,德龙汇能
000590.SZ,启迪药业
002767.SZ,先锋电子
001896.SZ,豫能控股
688175.SH,高凌信息
600280.SH,中央商场
600331.SH,宏达股份
688611.SH,杭州柯林
600475.SH,华光环能
000553.SZ,安道麦A
000586.SZ,汇源通信
600096.SH,云天化
600227.SH,赤天化
688657.SH,浩辰软件
600232.SH,金鹰股份
688668.SH,鼎通科技
688698.SH,伟创电气
600776.SH,东方通信
688020.SH,方邦股份
603070.SH,XD万控智
600416.SH,湘电股份
600796.SH,钱江生化
688362.SH,甬矽电子
600302.SH,标准股份
600131.SH,国网信通
688072.SH,拓荆科技
002501.SZ,利源股份
688029.SH,南微医学
600983.SH,惠而浦
603383.SH,顶点软件
688478.SH,晶升股份
002281.SZ,光迅科技
001211.SZ,双枪科技
688332.SH,中科蓝讯
601111.SH,中国国航
688079.SH,美迪凯
000006.SZ,深振业Ａ
601788.SH,光大证券
688386.SH,泛亚微透
605056.SH,咸亨国际
603599.SH,广信股份
688111.SH,金山办公
600731.SH,湖南海利
002428.SZ,云南锗业
688716.SH,中研股份
000997.SZ,新 大 陆
603668.SH,天马科技
600821.SH,金开新能
603527.SH,众源新材
600877.SH,电科芯片
600320.SH,振华重工
603386.SH,骏亚科技
600613.SH,XD神奇制
600418.SH,江淮汽车
688357.SH,建龙微纳
002755.SZ,奥赛康
688669.SH,聚石化学
600984.SH,建设机械
600809.SH,山西汾酒
002848.SZ,*ST高斯
688290.SH,景业智能
600768.SH,宁波富邦
002642.SZ,荣联科技
600452.SH,涪陵电力
002928.SZ,华夏航空
002938.SZ,鹏鼎控股
688375.SH,国博电子
002279.SZ,久其软件
605162.SH,新中港
603277.SH,银都股份
002628.SZ,成都路桥
001308.SZ,康冠科技
600377.SH,宁沪高速
600979.SH,广安爱众
688279.SH,峰岹科技
002214.SZ,*ST大立
688517.SH,XD金冠电
603489.SH,八方股份
600071.SH,凤凰光学
600649.SH,城投控股
603829.SH,洛凯股份
688528.SH,秦川物联
002527.SZ,新时达
601789.SH,宁波建工
001317.SZ,三羊马
603790.SH,雅运股份
002765.SZ,蓝黛科技
688296.SH,和达科技
688681.SH,科汇股份
001301.SZ,尚太科技
002792.SZ,通宇通讯
603616.SH,韩建河山
603861.SH,白云电器
002352.SZ,顺丰控股
002993.SZ,奥海科技
002292.SZ,奥飞娱乐
002442.SZ,龙星科技
603559.SH,*ST通脉
688008.SH,澜起科技
688036.SH,XD传音控
688276.SH,百克生物
605086.SH,龙高股份
688565.SH,力源科技
002881.SZ,美格智能
688229.SH,博睿数据
001216.SZ,华瓷股份
688023.SH,安恒信息
000965.SZ,天保基建
001696.SZ,宗申动力
002824.SZ,和胜股份
600355.SH,*ST精伦
002056.SZ,横店东磁
600660.SH,福耀玻璃
688282.SH,理工导航
688259.SH,创耀科技
688078.SH,龙软科技
688004.SH,博汇科技
603660.SH,苏州科达
603386.SH,骏亚科技
600995.SH,南网储能
600501.SH,航天晨光
603106.SH,恒银科技
603527.SH,众源新材
688109.SH,品茗科技
600115.SH,中国东航
688615.SH,合合信息
688582.SH,芯动联科
600268.SH,国电南自
003029.SZ,吉大正元
688630.SH,芯碁微装
601698.SH,中国卫通
000725.SZ,京东方Ａ
002843.SZ,泰嘉股份
688353.SH,华盛锂电
688522.SH,纳睿雷达
002890.SZ,弘宇股份
000933.SZ,神火股份
603030.SH,全筑股份
605111.SH,新洁能
600569.SH,安阳钢铁
000419.SZ,通程控股
603809.SH,豪能股份
688636.SH,DR智明达
688290.SH,景业智能
600120.SH,浙江东方
603496.SH,恒为科技
603893.SH,瑞芯微
600980.SH,北矿科技
600315.SH,上海家化
688629.SH,华丰科技
600383.SH,金地集团
688306.SH,均普智能
603337.SH,杰克股份
002544.SZ,普天科技
688800.SH,瑞可达
002860.SZ,星帅尔
688270.SH,臻镭科技
603533.SH,掌阅科技
000608.SZ,*ST阳光
600663.SH,陆家嘴
688508.SH,芯朋微
600816.SH,建元信托
605228.SH,神通科技
603013.SH,XD亚普股
605050.SH,福然德
002374.SZ,中锐股份
002761.SZ,浙江建投
600536.SH,中国软件
001382.SZ,新亚电缆
600217.SH,中再资环
000625.SZ,长安汽车
688158.SH,优刻得-W
001229.SZ,魅视科技
688619.SH,罗普特
688256.SH,寒武纪-U
688500.SH,慧辰股份
001210.SZ,金房能源
688501.SH,青达环保
603189.SH,网达软件
000031.SZ,大悦城
002595.SZ,豪迈科技
601778.SH,晶科科技
600323.SH,瀚蓝环境
600320.SH,振华重工
002237.SZ,恒邦股份
002338.SZ,奥普光电
001216.SZ,华瓷股份
600268.SH,国电南自
002171.SZ,楚江新材
001314.SZ,亿道信息
600486.SH,扬农化工
000962.SZ,东方钽业
600570.SH,恒生电子
600606.SH,绿地控股
002662.SZ,峰璟股份
600301.SH,华锡有色
600959.SH,江苏有线
688038.SH,中科通达
002629.SZ,仁智股份
600649.SH,城投控股
688182.SH,灿勤科技
000779.SZ,甘咨询
603956.SH,威派格
600568.SH,ST中珠
001278.SZ,一彬科技
000711.SZ,*ST京蓝
603341.SH,龙旗科技
688526.SH,科前生物
603798.SH,康普顿
603179.SH,新泉股份
603186.SH,华正新材
603313.SH,梦百合
001203.SZ,大中矿业
603616.SH,韩建河山
688616.SH,西力科技
000050.SZ,深天马Ａ
003011.SZ,海象新材
000400.SZ,许继电气
600845.SH,宝信软件
002475.SZ,立讯精密
688123.SH,聚辰股份
603258.SH,电魂网络
002940.SZ,昂利康
603516.SH,淳中科技
601155.SH,新城控股
000970.SZ,中科三环
002441.SZ,众业达
002362.SZ,汉王科技
002042.SZ,华孚时尚
600115.SH,中国东航
002169.SZ,智光电气
001215.SZ,千味央厨
002211.SZ,ST宏达
688227.SH,品高股份
002616.SZ,长青集团
688677.SH,海泰新光
603136.SH,天目湖
002672.SZ,东江环保
600996.SH,贵广网络
603171.SH,税友股份
601126.SH,四方股份
000938.SZ,紫光股份
002244.SZ,滨江集团
002017.SZ,东信和平
000514.SZ,渝 开 发
603698.SH,航天工程
002384.SZ,东山精密
002383.SZ,合众思壮
601616.SH,广电电气
000426.SZ,兴业银锡
002975.SZ,博杰股份
603271.SH,永杰新材
002270.SZ,华明装备
605580.SH,恒盛能源
603395.SH,红四方
601016.SH,节能风电
688776.SH,国光电气
002096.SZ,易普力
603269.SH,海鸥股份
002488.SZ,金固股份
688580.SH,伟思医疗
002916.SZ,深南电路
601218.SH,吉鑫科技
002342.SZ,巨力索具
603421.SH,鼎信通讯
002622.SZ,皓宸医疗
603655.SH,朗博科技
002837.SZ,英维克
603816.SH,顾家家居
603050.SH,科林电气
002796.SZ,世嘉科技
002388.SZ,ST新亚
688115.SH,思林杰
605080.SH,浙江自然
688100.SH,威胜信息
002174.SZ,游族网络
000676.SZ,智度股份
002227.SZ,奥 特 迅
688597.SH,煜邦电力
603605.SH,珀莱雅
688511.SH,*ST天微
002045.SZ,国光电器
603618.SH,杭电股份
688573.SH,信宇人
603051.SH,鹿山新材
002184.SZ,海得控制
601778.SH,晶科科技
605555.SH,德昌股份
603701.SH,德宏股份
000852.SZ,石化机械
605108.SH,同庆楼
688302.SH,海创药业-U
002519.SZ,银河电子
688523.SH,航天环宇
002436.SZ,兴森科技
002354.SZ,天娱数科
002543.SZ,万和电气
688365.SH,光云科技
688188.SH,柏楚电子
688244.SH,永信至诚
002775.SZ,文科股份
600459.SH,贵研铂业
688129.SH,东来技术
688112.SH,鼎阳科技
002221.SZ,东华能源
002364.SZ,中恒电气
000678.SZ,襄阳轴承
688301.SH,奕瑞科技
000669.SZ,ST金鸿
601222.SH,林洋能源
603885.SH,吉祥航空
601616.SH,广电电气
688622.SH,禾信仪器
600567.SH,山鹰国际
002771.SZ,真视通
002291.SZ,遥望科技
600360.SH,*ST华微
600880.SH,博瑞传播
603289.SH,XD泰瑞机
000059.SZ,华锦股份
688602.SH,康鹏科技
603255.SH,鼎际得
600563.SH,法拉电子
600826.SH,兰生股份
002927.SZ,泰永长征
002112.SZ,三变科技
601700.SH,风范股份
002669.SZ,康达新材
600726.SH,华电能源
002213.SZ,大为股份
688356.SH,键凯科技
688539.SH,高华科技
688212.SH,澳华内镜
688173.SH,希荻微
688073.SH,毕得医药
688484.SH,南芯科技
002530.SZ,金财互联
688220.SH,翱捷科技-U
603373.SH,安邦护卫
688518.SH,联赢激光
002789.SZ,*ST建艺
000791.SZ,甘肃能源
002912.SZ,中新赛克
000988.SZ,华工科技
600490.SH,鹏欣资源
688330.SH,宏力达
688623.SH,双元科技
000638.SZ,*ST万方
603810.SH,丰山集团
603920.SH,世运电路
600234.SH,科新发展
002495.SZ,佳隆股份
002513.SZ,蓝丰生化
688215.SH,瑞晟智能
000430.SZ,ST张家界
002334.SZ,英威腾
688310.SH,迈得医疗
603273.SH,天元智能
001222.SZ,源飞宠物
688069.SH,德林海
600621.SH,华鑫股份
600738.SH,丽尚国潮
688600.SH,皖仪科技
603666.SH,亿嘉和
603131.SH,上海沪工
600603.SH,ST广物
002290.SZ,禾盛新材
688403.SH,汇成股份
002528.SZ,ST英飞拓
600107.SH,ST尔雅
000010.SZ,美丽生态
688287.SH,*ST观典
600158.SH,中体产业
600216.SH,浙江医药
002155.SZ,湖南黄金
000668.SZ,*ST荣控
000042.SZ,中洲控股
000851.SZ,*ST高鸿
603228.SH,景旺电子
002365.SZ,永安药业
000977.SZ,浪潮信息
688590.SH,新致软件
605090.SH,九丰能源
688590.SH,新致软件
000032.SZ,深桑达Ａ
605090.SH,九丰能源
603822.SH,嘉澳环保
603307.SH,扬州金泉
605286.SH,同力日升
603067.SH,振华股份
603926.SH,铁流股份
002006.SZ,精工科技
688258.SH,卓易信息
002295.SZ,精艺股份
688213.SH,思特威-W
002587.SZ,奥拓电子
601567.SH,三星医疗
002316.SZ,ST亚联
000158.SZ,常山北明
688287.SH,*ST观典
002774.SZ,快意电梯
002495.SZ,佳隆股份
003001.SZ,中岩大地
603131.SH,上海沪工
603639.SH,海利尔
002425.SZ,ST凯文
600854.SH,春兰股份
002261.SZ,拓维信息
002485.SZ,ST雪发
600366.SH,宁波韵升
688103.SH,国力股份
600814.SH,杭州解百
002526.SZ,山东矿机
002063.SZ,远光软件
002241.SZ,歌尔股份
603683.SH,晶华新材
688039.SH,当虹科技
002350.SZ,北京科锐
603159.SH,上海亚虹
002395.SZ,双象股份
002463.SZ,沪电股份
688210.SH,统联精密
002471.SZ,中超控股
603119.SH,浙江荣泰
000596.SZ,古井贡酒
605298.SH,必得科技
002899.SZ,英派斯
002072.SZ,凯瑞德
688717.SH,艾罗能源
601678.SH,滨化股份
600696.SH,*ST岩石
600588.SH,用友网络
600735.SH,新华锦
688667.SH,菱电电控
600218.SH,全柴动力
000555.SZ,神州信息
002380.SZ,科远智慧
688333.SH,铂力特
002177.SZ,御银股份
002190.SZ,成飞集成
002309.SZ,ST中利
688246.SH,嘉和美康
603109.SH,神驰机电
603507.SH,振江股份
001236.SZ,弘业期货
603129.SH,春风动力
600589.SH,大位科技
002996.SZ,顺博合金
603950.SH,长源东谷
002418.SZ,康盛股份
603048.SH,浙江黎明
003009.SZ,中天火箭
002103.SZ,广博股份
603042.SH,华脉科技
002446.SZ,盛路通信
002858.SZ,力盛体育
000504.SZ,*ST生物
605123.SH,派克新材
688248.SH,南网科技
688503.SH,聚和材料
605288.SH,凯迪股份
688053.SH,思科瑞
688520.SH,神州细胞
002215.SZ,诺 普 信
002194.SZ,武汉凡谷
688393.SH,安必平
002181.SZ,粤 传 媒
600927.SH,永安期货
600892.SH,*ST大晟
000632.SZ,三木集团
688152.SH,麒麟信安
002152.SZ,广电运通
002178.SZ,延华智能
600608.SH,*ST沪科
002947.SZ,恒铭达
002196.SZ,方正电机
688013.SH,天臣医疗
002250.SZ,联化科技
601138.SH,工业富联
603637.SH,镇海股份
603296.SH,华勤技术
600078.SH,澄星股份
600375.SH,汉马科技
002197.SZ,ST证通
600415.SH,小商品城
002657.SZ,中科金财
603839.SH,安正时尚
688195.SH,腾景科技
002259.SZ,升达林业
600345.SH,长江通信
002453.SZ,华软科技
600148.SH,长春一东
600797.SH,浙大网新
688787.SH,海天瑞声
002576.SZ,通达动力
600250.SH,南京商旅
688692.SH,达梦数据
001389.SZ,广合科技
600082.SH,海泰发展
688219.SH,会通股份
003035.SZ,南网能源
003019.SZ,宸展光电
000929.SZ,*ST兰黄
688435.SH,英方软件
688077.SH,XD大地熊
603319.SH,美湖股份
000811.SZ,冰轮环境
002121.SZ,科陆电子
603985.SH,恒润股份
002841.SZ,视源股份
600381.SH,*ST春天
002055.SZ,得润电子
605299.SH,舒华体育
603657.SH,春光科技
603086.SH,先达股份
600961.SH,株冶集团
600392.SH,盛和资源
688163.SH,XD赛伦生
688788.SH,科思科技
000525.SZ,ST红太阳
688002.SH,睿创微纳
605066.SH,天正电气
000518.SZ,*ST四环
000908.SZ,*ST景峰
603899.SH,晨光股份
603557.SH,ST起步
603758.SH,秦安股份
600037.SH,歌华有线
600561.SH,江西长运
000682.SZ,东方电子
603023.SH,威帝股份
688696.SH,极米科技
002981.SZ,朝阳科技
605389.SH,长龄液压
002491.SZ,通鼎互联
001338.SZ,永顺泰
603883.SH,老百姓
603101.SH,汇嘉时代
002545.SZ,东方铁塔
002326.SZ,永太科技
688519.SH,南亚新材
002355.SZ,兴民智通
000665.SZ,湖北广电
001309.SZ,德明利
600834.SH,申通地铁
002104.SZ,恒宝股份
688096.SH,京源环保
688313.SH,仕佳光子
600289.SH,*ST信通
603173.SH,福斯达
688655.SH,迅捷兴
002199.SZ,*ST东晶
605196.SH,华通线缆
002058.SZ,*ST威尔
002046.SZ,国机精工
600358.SH,ST联合
000402.SZ,金 融 街
688316.SH,青云科技-U
002306.SZ,*ST云网
688208.SH,道通科技
600136.SH,ST明诚
002961.SZ,瑞达期货
688068.SH,热景生物
688613.SH,奥精医疗
600557.SH,康缘药业
603506.SH,南都物业
601606.SH,长城军工
600259.SH,广晟有色
688592.SH,司南导航
600110.SH,诺德股份
605018.SH,长华集团
688443.SH,智翔金泰-U
603595.SH,东尼电子
002015.SZ,协鑫能科
002609.SZ,捷顺科技
603211.SH,晋拓股份
002731.SZ,萃华珠宝
603238.SH,诺邦股份
002134.SZ,天津普林
002639.SZ,雪人股份
688183.SH,生益电子
002925.SZ,盈趣科技
603679.SH,华体科技
002189.SZ,中光学
600698.SH,湖南天雁
002339.SZ,积成电子
603226.SH,菲林格尔
601007.SH,金陵饭店
603823.SH,百合花
600178.SH,东安动力
000533.SZ,顺钠股份
603093.SH,南华期货
002090.SZ,金智科技
603518.SH,锦泓集团
603392.SH,万泰生物
002932.SZ,明德生物
000695.SZ,滨海能源
002826.SZ,易明医药
002951.SZ,金时科技
002969.SZ,嘉美包装
001379.SZ,腾达科技
002856.SZ,美芝股份
605099.SH,共创草坪
002115.SZ,三维通信
002265.SZ,建设工业
002878.SZ,元隆雅图
000530.SZ,冰山冷热
001258.SZ,立新能源
600939.SH,重庆建工
603585.SH,苏利股份
000506.SZ,中润资源
002298.SZ,中电鑫龙
002546.SZ,新联电子
000889.SZ,中嘉博创
603176.SH,汇通集团
688379.SH,华光新材
603049.SH,N中策
688151.SH,华强科技
